timestamp,pH,TDS_ppm,turbidity_NTU,VOC_mg_L
2025-12-05 11:32:02,6.055718421936035,0.0,1.153470158576965,0.0
2025-12-05 11:32:05,6.243890285491943,0.0,1.143694996833801,0.0
2025-12-05 11:32:08,6.243890285491943,0.0,1.143694996833801,0.0
2025-12-05 11:32:11,5.747800350189209,0.0,1.143694996833801,0.0
2025-12-05 11:32:14,5.901759624481201,0.0,1.138807415962219,0.0
2025-12-05 11:32:17,5.901759624481201,0.0,1.138807415962219,0.0
2025-12-05 11:32:21,6.192570686340332,0.0,1.143694996833801,0.0
2025-12-05 11:32:24,5.987292289733887,0.0,1.129032254219055,0.0
2025-12-05 11:32:27,5.987292289733887,0.0,1.129032254219055,0.0
2025-12-05 11:32:30,6.295210361480713,2.092235326766968,1.129032254219055,0.0
2025-12-05 11:32:33,6.038611888885498,4.178405284881592,1.124144673347473,0.0
2025-12-05 11:32:36,6.038611888885498,4.178405284881592,1.124144673347473,0.0
2025-12-05 11:32:39,5.474095821380615,0.0,1.119257092475891,0.0
2025-12-05 11:32:43,6.124144554138184,0.0,1.119257092475891,0.0
2025-12-05 11:32:46,6.124144554138184,0.0,1.119257092475891,0.0
2025-12-05 11:32:49,5.918866157531738,0.0,1.119257092475891,0.0
2025-12-05 11:36:15,5.679374217987061,0.0,1.085044026374817,0.046999998390675
2025-12-05 11:36:18,5.628054618835449,0.0,1.099706768989563,0.027000000700355
2025-12-05 11:36:22,5.542521953582764,0.0,1.085044026374817,0.029999999329448
2025-12-05 11:36:25,5.867546558380127,0.0,1.080156445503235,0.028000000864267
2025-12-05 11:36:29,5.559628486633301,0.0,1.080156445503235,0.072999998927116
2025-12-05 11:36:32,6.380743026733398,0.0,1.085044026374817,0.093000002205372
2025-12-05 11:36:35,6.124144554138184,0.0,1.075268864631653,0.045000001788139
2025-12-05 11:36:38,6.124144554138184,0.0,1.075268864631653,0.045000001788139
2025-12-05 11:36:41,6.021505355834961,0.0,1.075268864631653,0.0
2025-12-05 11:36:45,6.004398822784424,0.0,0.757575750350952,0.165000006556511
2025-12-05 11:36:48,5.987292289733887,0.0,0.962854325771332,0.098999999463558
2025-12-05 11:36:51,5.97018575668335,0.0,0.967741906642914,0.082999996840954
2025-12-05 11:36:54,6.089931488037109,24.71678924560547,0.953079164028168,0.074000000953674
2025-12-05 11:36:58,5.884653091430664,103.6251449584961,0.962854325771332,0.118000000715256
2025-12-05 11:37:01,5.867546558380127,101.78634643554688,0.977517127990723,0.128000006079674
2025-12-05 11:37:04,5.97018575668335,103.6251449584961,1.006842613220215,0.112999998033047
2025-12-05 11:37:07,5.901759624481201,103.6251449584961,0.997067451477051,0.054999999701977
2025-12-05 11:37:10,5.867546558380127,103.6251449584961,0.992179870605469,0.065999999642372
2025-12-05 11:37:14,5.867546558380127,103.6251449584961,0.992179870605469,0.065999999642372
2025-12-05 11:37:17,5.918866157531738,103.6251449584961,0.977517127990723,0.093000002205372
2025-12-05 11:37:20,5.918866157531738,103.6251449584961,0.977517127990723,0.093000002205372
2025-12-05 11:37:23,5.867546558380127,103.6251449584961,0.972629547119141,0.136999994516373
2025-12-05 11:37:26,5.833333492279053,101.78634643554688,0.967741906642914,0.13400000333786
2025-12-05 11:37:31,5.884653091430664,99.94386291503906,0.982404708862305,0.209000006318092
2025-12-05 11:37:32,5.747800350189209,101.78634643554688,0.997067451477051,0.150999993085861
2025-12-05 11:37:36,5.85044002532959,101.78634643554688,0.977517127990723,0.131999999284744
2025-12-05 11:37:39,5.85044002532959,101.78634643554688,0.977517127990723,0.131999999284744
2025-12-05 11:37:42,5.867546558380127,101.78634643554688,0.95796674489975,0.163000002503395
2025-12-05 11:37:45,5.85044002532959,101.78634643554688,0.953079164028168,0.170000001788139
2025-12-05 11:37:49,5.953079223632812,101.78634643554688,0.953079164028168,0.163000002503395
2025-12-05 11:37:52,5.867546558380127,99.94386291503906,0.943304002285004,0.160999998450279
2025-12-05 11:37:55,5.901759624481201,99.94386291503906,0.948191583156586,0.153999999165535
2025-12-05 11:37:58,5.85044002532959,103.6251449584961,0.684261977672577,0.492000013589859
2025-12-05 11:38:01,5.799120426177979,103.6251449584961,0.918866097927094,0.0
2025-12-05 11:38:04,5.884653091430664,105.46031188964844,0.860215067863464,0.141000002622604
2025-12-05 11:38:07,5.884653091430664,105.46031188964844,0.860215067863464,0.141000002622604
2025-12-05 11:38:11,5.764907360076904,109.11994171142578,0.967741906642914,0.083999998867512
2025-12-05 11:38:14,5.884653091430664,109.11994171142578,1.041055679321289,0.126000002026558
2025-12-05 11:38:17,5.816226959228516,109.11994171142578,1.060606002807617,0.023000000044703
2025-12-05 11:38:20,5.799120426177979,109.11994171142578,1.085044026374817,0.021999999880791
2025-12-05 11:38:23,5.833333492279053,107.29190063476562,1.119257092475891,0.004999999888241
2025-12-05 11:38:26,5.918866157531738,109.11994171142578,1.089931607246399,0.076999999582767
2025-12-05 11:38:29,5.918866157531738,109.11994171142578,1.089931607246399,0.076999999582767
2025-12-05 11:38:33,5.85044002532959,107.29190063476562,1.050830841064453,0.111000001430511
2025-12-05 11:38:36,5.764907360076904,109.11994171142578,1.036168098449707,0.112999998033047
2025-12-05 11:38:39,5.764907360076904,109.11994171142578,1.036168098449707,0.112999998033047
2025-12-05 11:38:42,5.918866157531738,107.29190063476562,0.982404708862305,0.079000003635883
2025-12-05 11:38:45,5.833333492279053,2.092235326766968,0.791788876056671,0.030999999493361
2025-12-05 11:38:48,5.764907360076904,4.178405284881592,0.855327486991882,0.108999997377396
2025-12-05 11:38:52,5.884653091430664,4.178405284881592,0.865102648735046,0.156000003218651
2025-12-05 11:38:55,6.038611888885498,4.178405284881592,0.8504399061203,0.136000007390976
2025-12-05 11:38:58,6.038611888885498,4.178405284881592,0.8504399061203,0.136000007390976
2025-12-05 11:39:01,5.97018575668335,4.178405284881592,0.855327486991882,0.337000012397766
2025-12-05 11:39:04,5.935972690582275,2.092235326766968,0.845552325248718,0.090000003576279
2025-12-05 11:39:08,5.85044002532959,2.092235326766968,0.845552325248718,0.081000000238419
2025-12-05 11:39:11,5.799120426177979,4.178405284881592,0.816226780414581,0.075000002980232
2025-12-05 11:39:14,5.833333492279053,4.178405284881592,0.869990229606628,0.043000001460314
2025-12-05 11:39:17,5.610948085784912,4.178405284881592,0.87487781047821,0.050000000745058
2025-12-05 11:39:20,5.610948085784912,4.178405284881592,0.87487781047821,0.050000000745058
2025-12-05 11:39:23,5.508308887481689,4.178405284881592,0.816226780414581,0.013000000268221
2025-12-05 11:39:27,5.251710891723633,4.178405284881592,0.860215067863464,0.037000000476837
2025-12-05 11:39:30,5.782013893127441,4.178405284881592,0.845552325248718,0.698000013828278
2025-12-05 11:39:33,5.935972690582275,4.178405284881592,0.840664684772491,0.737999975681305
2025-12-05 11:39:36,5.935972690582275,4.178405284881592,0.840664684772491,0.737999975681305
2025-12-05 11:39:39,5.747800350189209,4.178405284881592,0.782013714313507,0.421000003814697
2025-12-05 11:39:42,5.97018575668335,4.178405284881592,0.835777103900909,0.098999999463558
2025-12-05 11:39:45,5.542521953582764,4.178405284881592,0.821114361286163,1.409999966621399
2025-12-05 11:39:48,6.021505355834961,4.178405284881592,0.918866097927094,1.225000023841858
2025-12-05 11:39:52,6.329423427581787,8.332735061645508,0.879765391349792,2.469000101089478
2025-12-05 11:39:55,5.628054618835449,8.332735061645508,0.913978517055511,2.852999925613403
2025-12-05 11:39:58,5.628054618835449,8.332735061645508,0.913978517055511,2.852999925613403
2025-12-05 11:40:01,5.662267684936523,8.332735061645508,0.830889523029327,2.158999919891357
2025-12-05 11:40:04,5.679374217987061,2.092235326766968,1.055718421936035,4.289999961853027
2025-12-05 11:40:07,5.422776222229004,4.178405284881592,1.011730194091797,3.989000082015991
2025-12-05 11:40:11,6.004398822784424,2.092235326766968,0.77712607383728,2.115000009536743
2025-12-05 11:40:14,5.679374217987061,2.092235326766968,1.070381283760071,2.58899998664856
2025-12-05 11:40:17,6.021505355834961,0.0,1.124144673347473,2.388000011444092
2025-12-05 11:40:20,6.021505355834961,0.0,1.124144673347473,2.388000011444092
2025-12-05 11:40:23,5.2174973487854,0.0,1.133919835090637,2.473999977111816
2025-12-05 11:40:26,5.354350090026855,0.0,1.143694996833801,2.5
2025-12-05 11:40:29,5.114858150482178,0.0,1.143694996833801,2.523999929428101
2025-12-05 11:40:33,5.080645084381104,0.0,1.158357739448547,2.540999889373779
2025-12-05 11:40:36,5.131964683532715,0.0,1.158357739448547,2.540999889373779
2025-12-05 11:40:39,5.131964683532715,0.0,1.158357739448547,2.540999889373779
2025-12-05 11:40:42,5.764907360076904,0.0,1.168132901191711,2.5
2025-12-05 11:40:45,6.209677219390869,0.0,1.163245320320129,2.115000009536743
2025-12-05 11:40:48,5.799120426177979,0.0,1.163245320320129,2.29200005531311
2025-12-05 11:40:51,5.799120426177979,0.0,1.163245320320129,2.29200005531311
2025-12-05 11:40:55,6.346529960632324,0.0,1.168132901191711,2.158999919891357
2025-12-05 11:40:58,5.303030490875244,0.0,1.163245320320129,2.098999977111816
2025-12-05 11:41:01,6.004398822784424,0.0,1.168132901191711,2.279000043869019
2025-12-05 11:41:04,5.38856315612793,0.0,1.163245320320129,2.404000043869019
2025-12-05 11:41:07,5.38856315612793,0.0,1.163245320320129,2.404000043869019
2025-12-05 11:41:10,5.234603881835938,0.0,1.163245320320129,4.061999797821045
2025-12-05 11:41:13,6.175464153289795,0.0,1.158357739448547,2.984999895095825
2025-12-05 11:41:17,6.260997295379639,2.092235326766968,1.241446733474731,2.63700008392334
2025-12-05 11:41:20,6.380743026733398,0.0,0.884652972221375,2.5
2025-12-05 11:41:23,6.380743026733398,0.0,0.884652972221375,2.5
2025-12-05 11:41:26,5.782013893127441,2.092235326766968,0.816226780414581,2.219000101089478
2025-12-05 11:41:29,4.447702884674072,0.0,0.806451618671417,2.381999969482422
2025-12-05 11:41:32,6.124144554138184,0.0,0.801564037799835,2.433000087738037
2025-12-05 11:41:35,6.466275691986084,0.0,0.801564037799835,2.484999895095825
2025-12-05 11:41:39,6.466275691986084,0.0,0.801564037799835,2.484999895095825
2025-12-05 11:41:42,6.038611888885498,0.0,0.801564037799835,2.433000087738037
2025-12-05 11:41:45,4.670087814331055,0.0,0.796676456928253,2.457000017166138
2025-12-05 11:41:48,4.841153621673584,0.0,0.796676456928253,2.457000017166138
2025-12-05 11:41:51,5.26881742477417,0.0,0.791788876056671,2.484999895095825
2025-12-05 11:41:55,6.295210361480713,0.0,0.796676456928253,2.484999895095825
2025-12-05 11:41:57,6.295210361480713,0.0,0.796676456928253,2.484999895095825
2025-12-05 11:42:01,4.447702884674072,0.0,0.796676456928253,2.438999891281128
2025-12-05 11:42:04,5.542521953582764,0.0,0.796676456928253,2.438999891281128
2025-12-05 11:42:07,5.833333492279053,0.0,0.796676456928253,2.457000017166138
2025-12-05 11:42:10,5.747800350189209,0.0,0.791788876056671,2.457000017166138
2025-12-05 11:42:15,6.021505355834961,0.0,0.796676456928253,2.50600004196167
2025-12-05 11:42:16,6.021505355834961,0.0,0.796676456928253,2.50600004196167
2025-12-05 11:42:19,5.85044002532959,0.0,0.791788876056671,2.540999889373779
2025-12-05 11:42:23,5.131964683532715,0.0,0.791788876056671,2.540999889373779
2025-12-05 11:42:26,6.175464153289795,0.0,0.791788876056671,2.540999889373779
2025-12-05 11:42:29,5.320137023925781,0.0,0.791788876056671,2.540999889373779
2025-12-05 11:42:32,5.456989288330078,0.0,0.796676456928253,2.50600004196167
2025-12-05 11:42:35,5.474095821380615,0.0,0.796676456928253,2.50600004196167
2025-12-05 11:42:38,5.474095821380615,0.0,0.796676456928253,2.50600004196167
2025-12-05 11:42:42,5.987292289733887,0.0,0.796676456928253,2.50600004196167
2025-12-05 11:42:45,5.782013893127441,0.0,0.801564037799835,2.540999889373779
2025-12-05 11:42:48,4.755620956420898,0.0,0.796676456928253,2.50600004196167
2025-12-05 11:42:51,5.320137023925781,0.0,0.796676456928253,2.457000017166138
2025-12-05 11:42:54,5.320137023925781,0.0,0.796676456928253,2.457000017166138
2025-12-05 11:42:57,6.209677219390869,0.0,0.806451618671417,2.457000017166138
2025-12-05 11:43:01,5.542521953582764,0.0,0.801564037799835,2.410000085830688
2025-12-05 11:43:04,5.508308887481689,0.0,0.801564037799835,2.450000047683716
2025-12-05 11:43:07,6.021505355834961,0.0,0.801564037799835,2.450000047683716
2025-12-05 11:43:10,6.038611888885498,0.0,0.801564037799835,2.421999931335449
2025-12-05 11:43:13,5.747800350189209,0.0,0.816226780414581,2.410000085830688
2025-12-05 11:43:16,5.747800350189209,0.0,0.816226780414581,2.410000085830688
2025-12-05 11:43:20,4.960899353027344,0.0,0.811339199542999,2.410000085830688
2025-12-05 11:43:23,5.542521953582764,0.0,0.806451618671417,2.38700008392334
2025-12-05 11:43:26,5.542521953582764,0.0,0.806451618671417,2.38700008392334
2025-12-05 11:43:29,5.833333492279053,0.0,0.806451618671417,2.38700008392334
2025-12-05 11:43:32,5.987292289733887,0.0,0.806451618671417,2.421999931335449
2025-12-05 11:43:35,6.243890285491943,0.0,0.811339199542999,2.410000085830688
2025-12-05 11:43:38,5.833333492279053,0.0,0.811339199542999,2.38700008392334
2025-12-05 11:43:42,5.046432018280029,0.0,0.806451618671417,2.38700008392334
2025-12-05 11:43:45,6.209677219390869,0.0,0.806451618671417,2.38700008392334
2025-12-05 11:43:48,5.816226959228516,0.0,0.801564037799835,2.358999967575073
2025-12-05 11:43:51,5.816226959228516,0.0,0.801564037799835,2.358999967575073
2025-12-05 11:43:54,5.508308887481689,0.0,0.801564037799835,2.358999967575073
2025-12-05 11:43:57,6.004398822784424,0.0,0.801564037799835,2.358999967575073
2025-12-05 11:44:01,5.918866157531738,0.0,0.796676456928253,2.348000049591064
2025-12-05 11:44:04,4.841153621673584,0.0,0.796676456928253,2.348000049591064
2025-12-05 11:44:07,5.713587284088135,6.258556365966797,0.791788876056671,2.348000049591064
2025-12-05 11:44:10,5.2174973487854,0.0,0.791788876056671,2.369999885559082
2025-12-05 11:44:14,4.721407413482666,0.0,0.782013714313507,2.369999885559082
2025-12-05 11:44:17,5.696480751037598,0.0,0.791788876056671,2.369999885559082
2025-12-05 11:44:20,5.696480751037598,0.0,0.791788876056671,2.369999885559082
2025-12-05 11:44:23,5.080645084381104,0.0,0.782013714313507,2.348000049591064
2025-12-05 11:44:26,5.012218952178955,0.0,0.786901295185089,2.348000049591064
2025-12-05 11:44:29,5.2174973487854,0.0,0.782013714313507,2.348000049591064
2025-12-05 11:44:33,6.158357620239258,0.0,0.77712607383728,2.348000049591064
2025-12-05 11:44:36,5.354350090026855,0.0,0.77712607383728,2.325000047683716
2025-12-05 11:44:39,5.354350090026855,0.0,0.77712607383728,2.325000047683716
2025-12-05 11:44:42,5.2174973487854,6.258556365966797,0.767350912094116,2.348000049591064
2025-12-05 11:44:45,6.175464153289795,2.092235326766968,0.938416421413422,2.348000049591064
2025-12-05 11:44:48,6.175464153289795,0.0,0.967741906642914,2.38700008392334
2025-12-05 11:44:51,6.175464153289795,0.0,0.967741906642914,2.38700008392334
2025-12-05 11:44:55,6.004398822784424,0.0,0.894428133964539,2.38700008392334
2025-12-05 11:44:58,6.072824954986572,0.0,0.884652972221375,2.369999885559082
2025-12-05 11:45:01,6.141251087188721,0.0,0.884652972221375,2.331000089645386
2025-12-05 11:45:04,6.243890285491943,0.0,0.93352884054184,2.348000049591064
2025-12-05 11:45:07,6.175464153289795,0.0,0.904203295707703,2.369999885559082
2025-12-05 11:45:10,6.038611888885498,0.0,0.909090936183929,2.348000049591064
2025-12-05 11:45:13,5.456989288330078,6.258556365966797,1.143694996833801,2.331000089645386
2025-12-05 11:45:17,5.901759624481201,0.0,1.241446733474731,2.348000049591064
2025-12-05 11:45:20,5.422776222229004,0.0,1.26099705696106,2.348000049591064
2025-12-05 11:45:23,5.422776222229004,0.0,1.26099705696106,2.348000049591064
2025-12-05 11:45:26,6.55180835723877,0.0,1.251221895217896,2.348000049591064
2025-12-05 11:45:29,6.757087230682373,0.0,0.816226780414581,2.348000049591064
2025-12-05 11:45:32,6.141251087188721,2.092235326766968,0.992179870605469,1.980999946594238
2025-12-05 11:45:35,6.466275691986084,0.0,0.992179870605469,1.763000011444092
2025-12-05 11:45:39,6.43206262588501,0.0,0.987292289733887,1.850000023841858
2025-12-05 11:45:42,6.43206262588501,0.0,0.987292289733887,1.850000023841858
2025-12-05 11:45:45,6.226783752441406,2.092235326766968,0.992179870605469,1.91700005531311
2025-12-05 11:45:48,6.278103828430176,2.092235326766968,0.982404708862305,1.962000012397766
2025-12-05 11:45:51,6.260997295379639,0.0,0.982404708862305,1.962000012397766
2025-12-05 11:45:54,6.072824954986572,0.0,0.972629547119141,1.980999946594238
2025-12-05 11:45:57,6.072824954986572,0.0,0.972629547119141,1.980999946594238
2025-12-05 11:46:01,6.072824954986572,0.0,0.972629547119141,1.945999979972839
2025-12-05 11:46:04,5.97018575668335,0.0,0.972629547119141,2.002000093460083
2025-12-05 11:46:07,6.175464153289795,2.092235326766968,0.977517127990723,2.002000093460083
2025-12-05 11:46:10,6.141251087188721,0.0,0.972629547119141,2.023000001907349
2025-12-05 11:46:13,6.141251087188721,0.0,0.972629547119141,2.023000001907349
2025-12-05 11:46:16,5.987292289733887,0.0,0.977517127990723,2.023000001907349
2025-12-05 11:46:19,6.055718421936035,0.0,0.977517127990723,2.035000085830688
2025-12-05 11:46:23,5.97018575668335,2.092235326766968,0.977517127990723,2.035000085830688
2025-12-05 11:46:26,5.953079223632812,0.0,0.972629547119141,2.035000085830688
2025-12-05 11:46:29,5.953079223632812,0.0,0.972629547119141,2.035000085830688
2025-12-05 11:46:32,6.038611888885498,0.0,0.982404708862305,2.065999984741211
2025-12-05 11:46:35,6.004398822784424,0.0,0.972629547119141,2.065999984741211
2025-12-05 11:46:38,6.004398822784424,0.0,0.977517127990723,2.08299994468689
2025-12-05 11:46:41,6.089931488037109,0.0,0.967741906642914,2.08299994468689
2025-12-05 11:46:45,6.107038021087646,0.0,0.977517127990723,2.109999895095825
2025-12-05 11:46:48,6.107038021087646,0.0,0.977517127990723,2.109999895095825
2025-12-05 11:46:51,5.884653091430664,0.0,0.982404708862305,2.109999895095825
2025-12-05 11:46:54,6.021505355834961,0.0,0.977517127990723,2.138000011444092
2025-12-05 11:46:57,6.072824954986572,2.092235326766968,0.977517127990723,2.109999895095825
2025-12-05 11:47:00,6.038611888885498,0.0,0.982404708862305,2.082000017166138
2025-12-05 11:47:03,6.141251087188721,0.0,0.977517127990723,2.082000017166138
2025-12-05 11:47:07,6.072824954986572,0.0,0.972629547119141,0.908999979496002
2025-12-05 11:47:10,5.935972690582275,0.0,0.977517127990723,0.71399998664856
2025-12-05 11:47:13,6.004398822784424,2.092235326766968,0.977517127990723,3.334000110626221
2025-12-05 11:47:16,6.004398822784424,2.092235326766968,0.977517127990723,3.334000110626221
2025-12-05 11:47:19,5.901759624481201,0.0,0.977517127990723,2.66100001335144
2025-12-05 11:47:22,5.987292289733887,0.0,0.977517127990723,2.865999937057495
2025-12-05 11:47:25,5.918866157531738,0.0,0.967741906642914,2.891000032424927
2025-12-05 11:47:29,5.953079223632812,2.092235326766968,1.324535727500916,2.960000038146973
2025-12-05 11:47:32,5.97018575668335,0.0,1.35874879360199,2.828999996185303
2025-12-05 11:47:35,5.816226959228516,2.092235326766968,1.363636374473572,2.563999891281128
2025-12-05 11:47:38,5.816226959228516,2.092235326766968,1.363636374473572,2.563999891281128
2025-12-05 11:47:41,5.987292289733887,0.0,1.089931607246399,2.427999973297119
2025-12-05 11:48:54,4.310850620269775,42.725364685058594,1.041055679321289,3.121999979019165
2025-12-05 11:48:57,4.310850620269775,42.725364685058594,1.041055679321289,3.121999979019165
2025-12-05 11:49:00,4.875366687774658,6.258556365966797,0.733137845993042,3.102999925613403
2025-12-05 11:49:03,6.414956092834473,2.092235326766968,0.93352884054184,4.203999996185303
2025-12-05 11:49:06,6.346529960632324,42.725364685058594,1.045943260192871,1.238999962806702
2025-12-05 11:49:09,6.124144554138184,44.700042724609375,1.138807415962219,1.532999992370605
2025-12-05 11:49:12,6.124144554138184,44.700042724609375,1.138807415962219,1.532999992370605
2025-12-05 11:49:16,6.107038021087646,42.725364685058594,1.168132901191711,1.618000030517578
2025-12-05 11:49:19,6.004398822784424,42.725364685058594,1.187683343887329,1.697999954223633
2025-12-05 11:49:22,6.089931488037109,42.725364685058594,1.212121248245239,1.718000054359436
2025-12-05 11:49:25,6.038611888885498,42.725364685058594,1.226783990859985,1.830000042915344
2025-12-05 11:49:28,6.038611888885498,42.725364685058594,1.226783990859985,1.830000042915344
2025-12-05 11:49:31,6.004398822784424,42.725364685058594,1.246334314346313,1.871000051498413
2025-12-05 11:49:34,6.055718421936035,42.725364685058594,1.251221895217896,1.901999950408936
2025-12-05 11:49:37,6.004398822784424,42.725364685058594,1.251221895217896,1.914000034332275
2025-12-05 11:49:40,6.038611888885498,42.725364685058594,1.246334314346313,1.934999942779541
2025-12-05 11:49:43,6.038611888885498,42.725364685058594,1.246334314346313,1.934999942779541
2025-12-05 11:49:46,6.004398822784424,42.725364685058594,1.241446733474731,2.013000011444092
2025-12-05 11:49:49,5.987292289733887,42.725364685058594,1.231671571731567,2.013000011444092
2025-12-05 11:49:52,5.97018575668335,42.725364685058594,1.231671571731567,2.013000011444092
2025-12-05 11:49:55,5.953079223632812,42.725364685058594,1.231671571731567,2.039000034332275
2025-12-05 11:49:58,6.038611888885498,42.725364685058594,1.221896409988403,2.006999969482422
2025-12-05 11:50:01,5.953079223632812,42.725364685058594,1.221896409988403,2.023999929428101
2025-12-05 11:50:05,5.953079223632812,42.725364685058594,1.221896409988403,2.023999929428101
2025-12-05 11:50:08,5.987292289733887,42.725364685058594,1.231671571731567,2.072000026702881
2025-12-05 11:50:11,6.004398822784424,42.725364685058594,1.231671571731567,2.051000118255615
2025-12-05 11:50:14,5.935972690582275,42.725364685058594,1.221896409988403,2.072000026702881
2025-12-05 11:50:17,6.021505355834961,38.76057434082031,1.236559152603149,2.098999977111816
2025-12-05 11:50:20,5.987292289733887,42.725364685058594,1.241446733474731,2.098999977111816
2025-12-05 11:50:23,5.953079223632812,42.725364685058594,1.241446733474731,2.125999927520752
2025-12-05 11:50:26,5.953079223632812,42.725364685058594,1.241446733474731,2.125999927520752
2025-12-05 11:56:12,5.935972690582275,42.725364685058594,1.021505355834961,2.098999977111816
2025-12-05 11:56:15,5.935972690582275,42.725364685058594,1.026392936706543,2.098999977111816
2025-12-05 11:56:18,5.935972690582275,42.725364685058594,1.031280517578125,2.098999977111816
2025-12-05 11:56:22,5.935972690582275,42.725364685058594,1.021505355834961,2.109999895095825
2025-12-05 11:56:25,5.935972690582275,42.725364685058594,1.021505355834961,2.109999895095825
2025-12-05 11:56:28,6.038611888885498,42.725364685058594,1.031280517578125,2.098999977111816
2025-12-05 11:56:31,6.038611888885498,42.725364685058594,1.021505355834961,2.109999895095825
2025-12-05 11:56:34,6.038611888885498,42.725364685058594,1.021505355834961,2.098999977111816
2025-12-05 11:56:37,6.038611888885498,42.725364685058594,1.021505355834961,2.098999977111816
2025-12-05 11:56:41,6.004398822784424,42.725364685058594,1.231671571731567,2.098999977111816
2025-12-05 11:56:44,5.987292289733887,40.74555969238281,1.500488758087158,2.065999984741211
2025-12-05 11:56:47,6.055718421936035,40.74555969238281,1.451612949371338,2.065999984741211
2025-12-05 11:56:50,6.021505355834961,40.74555969238281,1.031280517578125,2.065999984741211
2025-12-05 11:56:53,6.038611888885498,40.74555969238281,0.987292289733887,2.065999984741211
2025-12-05 11:56:56,6.038611888885498,40.74555969238281,0.987292289733887,2.065999984741211
2025-12-05 11:56:59,6.004398822784424,42.725364685058594,0.972629547119141,2.039000034332275
2025-12-05 11:57:03,6.175464153289795,42.725364685058594,0.972629547119141,2.039000034332275
2025-12-05 11:57:06,6.038611888885498,40.74555969238281,0.987292289733887,2.065999984741211
2025-12-05 11:57:09,5.97018575668335,40.74555969238281,0.982404708862305,2.039000034332275
2025-12-05 11:57:12,5.97018575668335,40.74555969238281,0.987292289733887,2.013000011444092
2025-12-05 11:57:15,5.97018575668335,40.74555969238281,0.987292289733887,2.013000011444092
2025-12-05 11:57:19,5.987292289733887,40.74555969238281,0.982404708862305,2.039000034332275
2025-12-05 11:57:22,5.987292289733887,40.74555969238281,0.982404708862305,2.039000034332275
2025-12-05 11:57:25,5.97018575668335,40.74555969238281,0.982404708862305,2.039000034332275
2025-12-05 11:57:28,6.038611888885498,40.74555969238281,0.982404708862305,2.039000034332275
2025-12-05 11:57:31,6.038611888885498,40.74555969238281,0.982404708862305,2.039000034332275
2025-12-05 11:57:34,5.953079223632812,40.74555969238281,0.977517127990723,2.013000011444092
2025-12-05 11:57:37,5.97018575668335,40.74555969238281,1.021505355834961,2.039000034332275
2025-12-05 11:57:41,6.055718421936035,40.74555969238281,1.041055679321289,2.039000034332275
2025-12-05 11:57:44,6.055718421936035,40.74555969238281,1.045943260192871,2.039000034332275
2025-12-05 11:59:30,6.055718421936035,40.74555969238281,1.036168098449707,2.023000001907349
2025-12-05 11:59:33,6.055718421936035,40.74555969238281,1.036168098449707,2.023000001907349
2025-12-05 11:59:37,5.97018575668335,40.74555969238281,1.031280517578125,2.023000001907349
2025-12-05 11:59:40,5.97018575668335,40.74555969238281,1.031280517578125,2.049999952316284
2025-12-05 11:59:43,6.021505355834961,40.74555969238281,1.031280517578125,2.049999952316284
2025-12-05 11:59:46,6.021505355834961,40.74555969238281,1.026392936706543,2.07699990272522
2025-12-05 11:59:49,6.021505355834961,40.74555969238281,1.031280517578125,2.049999952316284
2025-12-05 11:59:53,6.055718421936035,40.74555969238281,1.036168098449707,2.049999952316284
2025-12-05 11:59:56,6.055718421936035,40.74555969238281,1.036168098449707,2.049999952316284
2025-12-05 11:59:59,6.072824954986572,40.74555969238281,1.031280517578125,2.039999961853027
2025-12-05 12:00:02,6.089931488037109,40.74555969238281,1.036168098449707,2.017999887466431
2025-12-05 12:00:05,6.072824954986572,40.74555969238281,1.036168098449707,2.039999961853027
2025-12-05 12:00:08,5.987292289733887,40.74555969238281,1.036168098449707,2.039999961853027
2025-12-05 12:00:11,6.038611888885498,40.74555969238281,1.036168098449707,2.039999961853027
2025-12-05 12:00:14,5.987292289733887,40.74555969238281,1.026392936706543,2.017999887466431
2025-12-05 12:00:18,5.987292289733887,40.74555969238281,1.026392936706543,2.017999887466431
2025-12-05 12:00:21,6.072824954986572,40.74555969238281,1.031280517578125,2.017999887466431
2025-12-05 12:00:24,6.055718421936035,40.74555969238281,1.036168098449707,2.017999887466431
2025-12-05 12:00:27,6.004398822784424,38.76057434082031,1.031280517578125,2.017999887466431
2025-12-05 12:00:31,6.004398822784424,40.74555969238281,1.026392936706543,2.039999961853027
2025-12-05 12:00:34,6.004398822784424,40.74555969238281,1.026392936706543,2.039999961853027
2025-12-05 12:00:37,6.072824954986572,40.74555969238281,1.031280517578125,2.017999887466431
2025-12-05 12:00:40,5.987292289733887,40.74555969238281,1.026392936706543,1.985999941825867
2025-12-05 12:00:43,6.089931488037109,40.74555969238281,1.036168098449707,2.017999887466431
2025-12-05 12:00:46,6.089931488037109,40.74555969238281,1.036168098449707,2.017999887466431
2025-12-05 12:00:50,5.987292289733887,42.725364685058594,1.021505355834961,1.985999941825867
2025-12-05 12:00:53,6.055718421936035,4.178405284881592,0.879765391349792,1.967000007629395
2025-12-05 12:00:56,6.089931488037109,0.0,1.353861212730408,1.934999942779541
2025-12-05 12:00:59,6.089931488037109,0.0,1.353861212730408,1.934999942779541
2025-12-05 12:01:02,7.663733959197998,0.0,1.798631429672241,1.934999942779541
2025-12-05 12:01:05,6.226783752441406,0.0,1.857282519340515,1.934999942779541
2025-12-05 12:01:09,5.662267684936523,0.0,1.642228722572327,1.934999942779541
2025-12-05 12:01:12,5.610948085784912,0.0,1.598240494728088,1.955999970436096
2025-12-05 12:01:15,6.107038021087646,0.0,1.138807415962219,1.934999942779541
2025-12-05 12:01:18,5.610948085784912,2.092235326766968,1.148582577705383,1.955999970436096
2025-12-05 12:01:21,5.610948085784912,2.092235326766968,1.148582577705383,1.955999970436096
2025-12-05 12:01:24,5.525415420532227,0.0,1.114369511604309,1.934999942779541
2025-12-05 12:01:27,5.645161151885986,0.0,1.129032254219055,1.955999970436096
2025-12-05 12:01:31,6.141251087188721,0.0,1.182795643806458,1.955999970436096
2025-12-05 12:01:34,6.55180835723877,0.0,1.319648146629333,1.955999970436096
2025-12-05 12:01:37,4.499022483825684,0.0,1.373411536216736,1.934999942779541
2025-12-05 12:01:40,5.85044002532959,0.0,1.466275691986084,1.955999970436096
2025-12-05 12:01:43,5.884653091430664,0.0,1.451612949371338,1.934999942779541
2025-12-05 12:01:47,5.696480751037598,0.0,1.466275691986084,1.955999970436096
2025-12-05 12:01:50,5.508308887481689,0.0,1.45650053024292,1.955999970436096
2025-12-05 12:11:16,5.166177749633789,0.0,1.099706768989563,0.0
2025-12-05 12:11:19,5.063538551330566,0.0,1.104594349861145,0.0
2025-12-05 12:11:23,5.063538551330566,0.0,1.109481930732727,0.0
2025-12-05 12:11:26,5.063538551330566,0.0,1.109481930732727,0.0
2025-12-05 12:11:29,5.2174973487854,0.0,1.094819188117981,0.0
2025-12-05 12:11:33,4.139784812927246,0.0,1.138807415962219,0.0
2025-12-05 12:11:36,7.338709831237793,0.0,1.114369511604309,0.0
2025-12-05 12:11:39,7.338709831237793,0.0,1.114369511604309,0.0
2025-12-05 12:11:42,6.466275691986084,0.0,1.461388111114502,0.0
2025-12-05 12:11:45,6.363636493682861,42.725364685058594,1.57869017124176,0.0
2025-12-05 12:11:48,6.363636493682861,42.725364685058594,1.57869017124176,0.0
2025-12-05 12:11:52,6.260997295379639,42.725364685058594,1.539589405059814,0.0
2025-12-05 12:11:55,6.175464153289795,38.76057434082031,1.559139728546143,0.0
2025-12-05 12:11:58,6.209677219390869,38.76057434082031,1.33431088924408,0.0
2025-12-05 12:12:01,6.158357620239258,38.76057434082031,1.300097703933716,0.001000000047497
2025-12-05 12:12:04,6.158357620239258,38.76057434082031,1.300097703933716,0.001000000047497
2025-12-05 12:12:07,6.141251087188721,40.74555969238281,1.251221895217896,0.0
2025-12-05 12:12:11,6.158357620239258,38.76057434082031,1.246334314346313,0.0
2025-12-05 12:12:14,6.158357620239258,38.76057434082031,1.241446733474731,0.0
2025-12-05 12:12:17,6.141251087188721,38.76057434082031,1.226783990859985,0.0
2025-12-05 12:12:20,6.055718421936035,38.76057434082031,1.221896409988403,0.0
2025-12-05 12:12:24,6.055718421936035,40.74555969238281,1.212121248245239,0.0
2025-12-05 12:12:27,6.124144554138184,38.76057434082031,1.217008829116821,0.0
2025-12-05 12:12:30,6.072824954986572,40.74555969238281,1.207233667373657,0.001000000047497
2025-12-05 12:12:33,6.072824954986572,40.74555969238281,1.207233667373657,0.001000000047497
2025-12-05 12:12:37,6.021505355834961,38.76057434082031,1.187683343887329,0.0
2025-12-05 12:12:40,6.107038021087646,38.76057434082031,1.192570924758911,0.001000000047497
2025-12-05 12:12:43,6.038611888885498,40.74555969238281,1.187683343887329,0.0
2025-12-05 12:12:47,6.021505355834961,38.76057434082031,1.187683343887329,0.0
2025-12-05 12:12:50,6.004398822784424,40.74555969238281,1.182795643806458,0.0
2025-12-05 12:12:53,6.004398822784424,40.74555969238281,1.182795643806458,0.0
2025-12-05 12:12:56,6.021505355834961,38.76057434082031,1.173020482063293,0.0
2025-12-05 12:12:59,6.107038021087646,38.76057434082031,1.177908062934875,0.0
2025-12-05 12:13:03,6.089931488037109,38.76057434082031,1.173020482063293,0.0
2025-12-05 12:13:06,6.038611888885498,38.76057434082031,1.173020482063293,0.0
2025-12-05 12:13:09,6.107038021087646,38.76057434082031,1.173020482063293,0.0
2025-12-05 12:14:29,6.004398822784424,40.74555969238281,1.177908062934875,0.0
2025-12-05 12:14:32,6.004398822784424,40.74555969238281,1.177908062934875,0.0
2025-12-05 12:14:35,6.055718421936035,40.74555969238281,1.187683343887329,0.337999999523163
2025-12-05 12:14:38,6.004398822784424,40.74555969238281,1.397849440574646,0.0
2025-12-05 12:14:41,6.072824954986572,40.74555969238281,1.241446733474731,2.354000091552734
2025-12-05 12:14:44,6.021505355834961,40.74555969238281,1.226783990859985,2.325999975204468
2025-12-05 12:14:48,6.021505355834961,40.74555969238281,1.226783990859985,2.325999975204468
2025-12-05 12:14:51,6.055718421936035,40.74555969238281,1.177908062934875,2.051000118255615
2025-12-05 12:14:54,6.072824954986572,40.74555969238281,1.202346086502075,1.940000057220459
2025-12-05 12:14:57,6.055718421936035,40.74555969238281,1.158357739448547,0.602999985218048
2025-12-05 12:15:00,6.021505355834961,40.74555969238281,1.129032254219055,0.689000010490417
2025-12-05 12:15:03,6.072824954986572,40.74555969238281,1.202346086502075,0.675999999046326
2025-12-05 12:15:07,6.072824954986572,40.74555969238281,1.202346086502075,0.675999999046326
2025-12-05 12:15:10,6.089931488037109,40.74555969238281,1.148582577705383,0.566999971866608
2025-12-05 12:15:14,6.072824954986572,40.74555969238281,1.109481930732727,0.566999971866608
2025-12-05 12:15:17,6.055718421936035,40.74555969238281,1.094819188117981,0.388999998569489
2025-12-05 12:15:20,6.089931488037109,38.76057434082031,1.075268864631653,0.437999993562698
2025-12-05 12:15:23,6.021505355834961,40.74555969238281,1.070381283760071,0.490000009536743
2025-12-05 12:15:26,6.021505355834961,40.74555969238281,1.070381283760071,0.500999987125397
2025-12-05 12:15:30,6.055718421936035,40.74555969238281,1.065493702888489,0.483000010251999
2025-12-05 13:18:47,5.251710891723633,2.092235326766968,1.192570924758911,1.991000056266785
2025-12-05 13:18:50,5.405669689178467,0.0,1.197458505630493,1.991000056266785
2025-12-05 13:18:54,5.405669689178467,2.092235326766968,1.197458505630493,1.991000056266785
2025-12-05 13:18:57,5.456989288330078,2.092235326766968,1.197458505630493,1.991000056266785
2025-12-05 13:19:00,5.2174973487854,0.0,1.212121248245239,1.991000056266785
2025-12-05 13:19:03,4.943792819976807,0.0,1.187683343887329,1.991000056266785
2025-12-05 13:19:07,4.704300880432129,0.0,1.133919835090637,1.991000056266785
2025-12-05 13:19:10,4.875366687774658,0.0,1.221896409988403,1.991000056266785
2025-12-05 13:19:13,4.875366687774658,0.0,1.221896409988403,1.991000056266785
2025-12-05 13:19:16,4.550342082977295,0.0,1.236559152603149,1.991000056266785
2025-12-05 13:19:19,5.26881742477417,0.0,1.177908062934875,1.991000056266785
2025-12-05 13:19:22,5.26881742477417,0.0,1.177908062934875,1.991000056266785
2025-12-05 13:19:26,4.978005886077881,0.0,1.173020482063293,1.991000056266785
2025-12-05 13:19:29,5.080645084381104,0.0,1.168132901191711,1.991000056266785
2025-12-05 13:19:32,4.362170219421387,0.0,1.177908062934875,1.991000056266785
2025-12-05 13:19:35,5.371456623077393,0.0,1.168132901191711,1.991000056266785
2025-12-05 13:19:38,4.80694055557251,0.0,1.148582577705383,1.991000056266785
2025-12-05 13:19:41,4.80694055557251,0.0,1.148582577705383,1.991000056266785
2025-12-05 13:21:18,5.559628486633301,2.092235326766968,1.324535727500916,1.991000056266785
2025-12-05 13:21:21,5.559628486633301,2.092235326766968,1.324535727500916,1.991000056266785
2025-12-05 13:21:25,5.525415420532227,2.092235326766968,1.314760565757751,1.991000056266785
2025-12-05 13:21:28,5.542521953582764,2.092235326766968,1.314760565757751,1.991000056266785
2025-12-05 13:21:31,5.559628486633301,2.092235326766968,1.319648146629333,1.991000056266785
2025-12-05 13:21:34,5.559628486633301,2.092235326766968,1.319648146629333,1.991000056266785
2025-12-05 13:21:37,5.491202354431152,2.092235326766968,1.30987286567688,1.991000056266785
2025-12-05 13:21:41,5.576735019683838,2.092235326766968,1.319648146629333,1.991000056266785
2025-12-05 13:21:44,5.576735019683838,2.092235326766968,1.314760565757751,1.991000056266785
2025-12-05 13:21:47,5.491202354431152,2.092235326766968,1.314760565757751,1.991000056266785
2025-12-05 13:21:51,5.525415420532227,2.092235326766968,1.314760565757751,1.991000056266785
2025-12-05 13:21:54,5.576735019683838,2.092235326766968,1.304985284805298,1.991000056266785
2025-12-05 13:21:57,5.456989288330078,2.092235326766968,1.314760565757751,1.991000056266785
2025-12-05 13:22:00,5.354350090026855,0.0,1.143694996833801,1.991000056266785
2025-12-05 13:22:04,5.131964683532715,0.0,1.212121248245239,1.991000056266785
2025-12-05 13:22:07,5.764907360076904,0.0,1.026392936706543,1.991000056266785
2025-12-05 13:22:10,3.541055679321289,8.332735061645508,1.236559152603149,1.991000056266785
2025-12-05 13:22:13,0.0,16.570667266845703,1.202346086502075,1.991000056266785
2025-12-05 13:22:16,3.489736080169678,10.40099048614502,1.231671571731567,1.991000056266785
2025-12-05 13:22:20,3.489736080169678,10.40099048614502,1.231671571731567,1.991000056266785
2025-12-05 13:22:23,3.455523014068604,8.332735061645508,1.246334314346313,1.991000056266785
2025-12-05 13:22:26,3.541055679321289,10.40099048614502,1.246334314346313,1.991000056266785
2025-12-05 13:22:29,3.541055679321289,10.40099048614502,1.246334314346313,1.991000056266785
2025-12-05 13:22:32,8.450634956359863,2.092235326766968,1.857282519340515,1.991000056266785
2025-12-05 13:22:35,5.85044002532959,0.0,1.715542554855347,1.991000056266785
2025-12-05 13:22:39,4.362170219421387,8.332735061645508,1.30987286567688,1.991000056266785
2025-12-05 13:22:42,4.362170219421387,8.332735061645508,1.30987286567688,1.991000056266785
2025-12-05 13:22:45,4.960899353027344,8.332735061645508,1.28543496131897,1.991000056266785
2025-12-05 13:22:49,5.200390815734863,6.258556365966797,1.290322542190552,1.991000056266785
2025-12-05 13:22:52,5.012218952178955,10.40099048614502,1.236559152603149,1.991000056266785
2025-12-05 13:22:55,4.892473220825195,10.40099048614502,1.221896409988403,1.991000056266785
2025-12-05 13:22:58,4.978005886077881,10.40099048614502,1.217008829116821,1.991000056266785
2025-12-05 13:23:02,5.303030490875244,10.40099048614502,1.226783990859985,1.991000056266785
2025-12-05 13:23:05,5.149071216583252,8.332735061645508,1.226783990859985,1.991000056266785
2025-12-05 13:23:08,5.114858150482178,10.40099048614502,1.236559152603149,1.991000056266785
2025-12-05 13:23:11,5.114858150482178,10.40099048614502,1.236559152603149,1.991000056266785
2025-12-05 13:23:14,5.080645084381104,10.40099048614502,1.236559152603149,1.991000056266785
2025-12-05 13:23:18,5.303030490875244,10.40099048614502,1.226783990859985,1.991000056266785
2025-12-05 13:23:21,5.131964683532715,8.332735061645508,0.997067451477051,1.991000056266785
2025-12-05 13:23:24,4.601661682128906,0.0,0.869990229606628,1.991000056266785
2025-12-05 13:23:27,4.550342082977295,0.0,1.129032254219055,1.991000056266785
2025-12-05 13:23:31,0.0,0.0,1.168132901191711,1.991000056266785
2025-12-05 13:23:34,0.0,4.178405284881592,1.104594349861145,1.991000056266785
2025-12-05 13:23:37,0.0,6.258556365966797,1.089931607246399,1.991000056266785
2025-12-05 13:23:41,0.0,6.258556365966797,1.085044026374817,1.991000056266785
2025-12-05 13:23:44,0.0,6.258556365966797,1.080156445503235,1.991000056266785
2025-12-05 13:23:47,0.0,6.258556365966797,1.070381283760071,1.991000056266785
2025-12-05 13:23:50,0.0,4.178405284881592,1.055718421936035,1.991000056266785
2025-12-05 13:23:53,0.0,4.178405284881592,1.055718421936035,1.991000056266785
2025-12-05 13:23:56,0.735581636428833,6.258556365966797,1.041055679321289,1.991000056266785
2025-12-05 13:24:00,0.923753678798676,6.258556365966797,1.036168098449707,1.991000056266785
2025-12-05 13:24:03,0.273704797029495,6.258556365966797,1.036168098449707,1.991000056266785
2025-12-05 13:24:06,0.273704797029495,6.258556365966797,1.036168098449707,1.991000056266785
2025-12-05 13:24:09,1.060606002807617,6.258556365966797,1.036168098449707,1.991000056266785
2025-12-05 13:24:12,1.04349946975708,6.258556365966797,1.026392936706543,1.991000056266785
2025-12-05 13:24:16,1.573802590370178,6.258556365966797,1.031280517578125,1.991000056266785
2025-12-05 13:24:19,1.522482872009277,6.258556365966797,1.021505355834961,1.991000056266785
2025-12-05 13:24:22,10.503421783447266,0.0,1.143694996833801,1.991000056266785
2025-12-05 13:24:25,8.057185173034668,0.0,1.021505355834961,1.991000056266785
2025-12-05 13:24:29,6.500488758087158,0.0,1.099706768989563,1.991000056266785
2025-12-05 13:24:32,6.500488758087158,0.0,1.099706768989563,1.991000056266785
2025-12-05 13:24:35,5.833333492279053,0.0,1.041055679321289,1.991000056266785
2025-12-05 13:24:38,6.055718421936035,0.0,1.036168098449707,1.991000056266785
2025-12-05 13:24:42,4.92668628692627,0.0,1.036168098449707,1.991000056266785
2025-12-05 13:24:45,5.337243556976318,0.0,1.041055679321289,1.991000056266785
2025-12-05 13:24:48,5.012218952178955,0.0,1.001955032348633,1.991000056266785
2025-12-05 13:24:51,5.012218952178955,0.0,1.001955032348633,1.991000056266785
2025-12-05 13:24:54,4.396383285522461,0.0,1.129032254219055,1.991000056266785
2025-12-05 13:24:58,4.875366687774658,0.0,1.119257092475891,1.991000056266785
2025-12-05 13:25:01,4.789834022521973,4.178405284881592,0.894428133964539,1.991000056266785
2025-12-05 13:25:04,5.012218952178955,0.0,0.625610947608948,1.991000056266785
2025-12-05 13:25:08,5.063538551330566,0.0,1.212121248245239,1.991000056266785
2025-12-05 13:25:11,4.584555149078369,0.0,1.568915009498596,1.991000056266785
2025-12-05 13:25:14,4.002932548522949,0.0,1.617790818214417,1.991000056266785
2025-12-05 13:25:17,4.396383285522461,0.0,1.573802590370178,1.991000056266785
2025-12-05 13:25:21,4.63587474822998,0.0,1.598240494728088,1.991000056266785
2025-12-05 13:25:24,4.63587474822998,0.0,1.598240494728088,1.991000056266785
2025-12-05 13:25:27,5.97018575668335,0.0,0.689149558544159,1.991000056266785
2025-12-05 13:25:30,5.439882755279541,0.0,0.845552325248718,1.991000056266785
2025-12-05 13:25:34,5.439882755279541,0.0,0.845552325248718,1.991000056266785
2025-12-05 13:25:37,4.824047088623047,0.0,0.772238492965698,1.991000056266785
2025-12-05 13:25:40,5.320137023925781,0.0,1.065493702888489,1.991000056266785
2025-12-05 13:25:43,3.746334314346313,2.092235326766968,0.806451618671417,1.991000056266785
2025-12-05 13:25:46,6.072824954986572,0.0,1.065493702888489,1.991000056266785
2025-12-05 13:25:52,5.029325485229492,0.0,1.33431088924408,1.991000056266785
2025-12-05 13:25:53,5.029325485229492,0.0,1.33431088924408,1.991000056266785
2025-12-05 13:25:56,5.029325485229492,0.0,1.33431088924408,1.991000056266785
2025-12-05 13:26:00,2.189638376235962,0.0,1.060606002807617,1.991000056266785
2025-12-05 13:26:03,5.542521953582764,0.0,1.163245320320129,1.991000056266785
2025-12-05 13:26:06,5.456989288330078,0.0,1.187683343887329,1.991000056266785
2025-12-05 13:26:09,5.456989288330078,0.0,1.187683343887329,1.991000056266785
2025-12-05 13:26:12,4.687194347381592,0.0,1.275659799575806,1.991000056266785
2025-12-05 13:26:15,5.371456623077393,0.0,1.275659799575806,1.991000056266785
2025-12-05 13:26:18,5.371456623077393,0.0,1.275659799575806,1.991000056266785
2025-12-05 13:26:22,5.234603881835938,0.0,1.270772218704224,1.991000056266785
2025-12-05 13:26:25,4.156891345977783,0.0,1.236559152603149,1.991000056266785
2025-12-05 13:26:28,3.968719482421875,0.0,1.182795643806458,1.991000056266785
2025-12-05 13:26:31,4.105571746826172,0.0,1.397849440574646,1.991000056266785
2025-12-05 13:26:34,4.618768215179443,0.0,1.495601177215576,1.991000056266785
2025-12-05 13:26:38,4.618768215179443,0.0,1.495601177215576,1.991000056266785
2025-12-05 13:26:41,4.824047088623047,0.0,1.104594349861145,1.991000056266785
2025-12-05 13:26:44,3.797653913497925,0.0,1.168132901191711,1.991000056266785
2025-12-05 13:26:47,4.841153621673584,0.0,1.148582577705383,1.991000056266785
2025-12-05 13:26:50,4.841153621673584,0.0,1.148582577705383,1.991000056266785
2025-12-05 13:26:53,6.517595291137695,42.725364685058594,0.190615832805634,1.991000056266785
2025-12-05 13:27:09,5.799120426177979,4.178405284881592,0.845552325248718,1.991000056266785
2025-12-05 13:27:12,5.610948085784912,4.178405284881592,1.001955032348633,1.991000056266785
2025-12-05 13:27:15,5.610948085784912,4.178405284881592,1.001955032348633,1.991000056266785
2025-12-05 13:27:18,5.645161151885986,10.40099048614502,1.270772218704224,1.991000056266785
2025-12-05 13:27:21,5.799120426177979,38.76057434082031,1.45650053024292,1.991000056266785
2025-12-05 13:27:24,5.764907360076904,42.725364685058594,0.93352884054184,1.991000056266785
2025-12-05 13:27:27,5.884653091430664,40.74555969238281,0.860215067863464,1.991000056266785
2025-12-05 13:27:30,5.833333492279053,40.74555969238281,0.723362684249878,1.991000056266785
2025-12-05 13:27:33,5.833333492279053,40.74555969238281,0.723362684249878,1.991000056266785
2025-12-05 13:27:36,5.799120426177979,40.74555969238281,0.581622660160065,1.991000056266785
2025-12-05 13:27:39,5.730693817138672,40.74555969238281,0.488758563995361,1.991000056266785
2025-12-05 13:27:43,5.730693817138672,40.74555969238281,0.439882695674896,1.991000056266785
2025-12-05 13:27:52,5.285923957824707,0.0,1.520039081573486,1.991000056266785
2025-12-05 13:27:55,5.285923957824707,0.0,1.520039081573486,1.991000056266785
2025-12-05 13:27:58,6.038611888885498,8.332735061645508,1.48093843460083,1.991000056266785
2025-12-05 13:28:01,5.97018575668335,8.332735061645508,1.397849440574646,1.991000056266785
2025-12-05 13:28:04,5.456989288330078,8.332735061645508,1.466275691986084,1.991000056266785
2025-12-05 13:28:07,5.456989288330078,8.332735061645508,1.466275691986084,1.991000056266785
2025-12-05 13:28:10,4.80694055557251,8.332735061645508,1.295210123062134,1.991000056266785
2025-12-05 13:28:13,5.200390815734863,8.332735061645508,1.275659799575806,1.991000056266785
2025-12-05 13:28:16,5.26881742477417,10.40099048614502,0.806451618671417,1.991000056266785
2025-12-05 13:28:19,5.251710891723633,8.332735061645508,1.241446733474731,1.991000056266785
2025-12-05 13:28:22,5.251710891723633,8.332735061645508,1.241446733474731,1.991000056266785
2025-12-05 13:28:25,5.38856315612793,8.332735061645508,1.202346086502075,1.991000056266785
2025-12-05 13:29:04,6.603127956390381,2.092235326766968,1.564027428627014,1.991000056266785
2025-12-05 13:29:07,5.439882755279541,2.092235326766968,1.568915009498596,1.991000056266785
2025-12-05 13:29:10,5.439882755279541,2.092235326766968,1.568915009498596,1.991000056266785
2025-12-05 13:29:13,4.652981281280518,38.76057434082031,1.564027428627014,1.991000056266785
2025-12-05 13:29:16,5.303030490875244,0.0,1.564027428627014,1.991000056266785
2025-12-05 13:29:19,4.259531021118164,0.0,1.593352913856506,1.991000056266785
2025-12-05 13:29:22,4.92668628692627,0.0,1.57869017124176,1.991000056266785
2025-12-05 13:29:25,5.456989288330078,22.688703536987305,1.57869017124176,1.991000056266785
2025-12-05 13:29:29,5.456989288330078,22.688703536987305,1.57869017124176,1.991000056266785
2025-12-05 13:29:32,4.92668628692627,22.688703536987305,1.588465332984924,1.991000056266785
2025-12-05 13:29:35,5.439882755279541,10.40099048614502,1.57869017124176,1.991000056266785
2025-12-05 13:29:38,5.422776222229004,40.74555969238281,1.329423308372498,1.991000056266785
2025-12-05 13:30:01,12.521994590759277,6.258556365966797,0.938416421413422,1.991000056266785
2025-12-05 13:30:04,5.456989288330078,8.332735061645508,0.938416421413422,1.991000056266785
2025-12-05 13:30:07,5.730693817138672,0.0,0.948191583156586,1.991000056266785
2025-12-05 13:30:10,5.730693817138672,0.0,0.948191583156586,1.991000056266785
2025-12-05 13:30:13,4.943792819976807,0.0,0.93352884054184,1.991000056266785
2025-12-05 13:30:16,6.414956092834473,0.0,0.962854325771332,1.991000056266785
2025-12-05 13:30:19,4.362170219421387,0.0,1.192570924758911,1.991000056266785
2025-12-05 13:30:22,4.362170219421387,0.0,1.192570924758911,1.991000056266785
2025-12-05 13:30:25,5.234603881835938,10.40099048614502,1.207233667373657,1.991000056266785
2025-12-05 13:30:28,4.721407413482666,10.40099048614502,1.192570924758911,1.991000056266785
2025-12-05 13:30:32,4.960899353027344,10.40099048614502,1.217008829116821,1.991000056266785
2025-12-05 13:30:35,4.960899353027344,10.40099048614502,1.217008829116821,1.991000056266785
2025-12-05 15:22:04,4.259531021118164,4.178405284881592,1.436950087547302,0.014000000432134
2025-12-05 15:22:07,3.985826015472412,4.178405284881592,1.441837787628174,0.00899999961257
2025-12-05 15:22:11,4.584555149078369,6.258556365966797,1.436950087547302,0.007000000216067
2025-12-05 15:22:14,5.2174973487854,0.0,1.43206250667572,0.00400000018999
2025-12-05 15:22:17,4.80694055557251,4.178405284881592,1.436950087547302,0.002000000094995
2025-12-05 15:22:20,4.80694055557251,4.178405284881592,1.436950087547302,0.002000000094995
2025-12-05 15:22:23,4.995112419128418,6.258556365966797,1.441837787628174,0.0
2025-12-05 15:22:26,4.995112419128418,4.178405284881592,1.402737021446228,0.001000000047497
2025-12-05 15:22:30,4.225317478179932,6.258556365966797,1.436950087547302,0.0
2025-12-05 15:22:33,4.225317478179932,6.258556365966797,1.436950087547302,0.0
2025-12-05 15:22:36,4.396383285522461,4.178405284881592,1.436950087547302,0.0
2025-12-05 15:22:39,5.542521953582764,2.092235326766968,1.436950087547302,0.0
2025-12-05 15:22:42,4.995112419128418,4.178405284881592,1.402737021446228,0.0
2025-12-05 15:22:45,4.327957153320312,6.258556365966797,1.43206250667572,0.0
2025-12-05 15:22:49,4.139784812927246,4.178405284881592,1.436950087547302,0.0
2025-12-05 15:38:35,4.310850620269775,0.0,1.45650053024292,0.019999999552965
2025-12-05 15:38:38,4.310850620269775,0.0,1.45650053024292,0.019999999552965
2025-12-05 15:38:41,4.687194347381592,6.258556365966797,1.466275691986084,0.014000000432134
2025-12-05 15:38:44,4.92668628692627,0.0,1.451612949371338,0.00800000037998
2025-12-05 15:38:48,4.738513946533203,0.0,1.45650053024292,0.0
2025-12-05 15:38:51,4.584555149078369,0.0,1.466275691986084,0.0
2025-12-05 15:38:54,4.960899353027344,2.092235326766968,1.461388111114502,0.0
2025-12-05 15:38:57,4.670087814331055,0.0,1.461388111114502,0.007000000216067
2025-12-05 15:39:01,4.310850620269775,0.0,1.45650053024292,0.0
2025-12-05 15:39:04,4.824047088623047,0.0,1.466275691986084,0.006000000052154
2025-12-05 15:39:07,4.960899353027344,0.0,1.451612949371338,0.027000000700355
2025-12-05 15:39:10,4.960899353027344,0.0,1.451612949371338,0.027000000700355
2025-12-05 15:39:13,4.841153621673584,0.0,1.45650053024292,0.002000000094995
2025-12-05 15:39:16,4.259531021118164,4.178405284881592,1.45650053024292,0.00800000037998
2025-12-05 15:39:19,4.208210945129395,6.258556365966797,1.45650053024292,0.006000000052154
2025-12-05 15:39:23,4.054252147674561,0.0,1.461388111114502,0.00800000037998
2025-12-05 15:39:26,4.054252147674561,0.0,1.461388111114502,0.00800000037998
2025-12-05 15:39:29,4.721407413482666,0.0,1.451612949371338,0.025000000372529
2025-12-05 15:39:32,4.618768215179443,0.0,1.441837787628174,0.014000000432134
2025-12-05 15:39:35,4.824047088623047,0.0,1.451612949371338,0.017000000923872
2025-12-05 15:39:38,4.824047088623047,0.0,1.451612949371338,0.017000000923872
2025-12-05 15:39:42,3.831866979598999,0.0,1.451612949371338,0.032000001519918
2025-12-05 15:39:45,4.020039081573486,0.0,1.451612949371338,0.032999999821186
2025-12-05 15:39:48,4.978005886077881,0.0,1.451612949371338,0.001000000047497
2025-12-05 15:39:51,4.892473220825195,2.092235326766968,1.451612949371338,0.03999999910593
2025-12-05 15:39:55,4.92668628692627,0.0,1.45650053024292,0.037000000476837
2025-12-05 15:39:58,4.533235549926758,0.0,1.446725368499756,0.017000000923872
2025-12-05 15:40:01,3.763440847396851,2.092235326766968,1.446725368499756,0.025000000372529
2025-12-05 15:40:05,4.225317478179932,0.0,1.45650053024292,0.012000000104308
2025-12-05 15:40:10,4.909579753875732,0.0,1.441837787628174,0.00899999961257
2025-12-05 15:40:11,4.464809417724609,0.0,1.446725368499756,0.048000000417233
2025-12-05 15:40:14,4.34506368637085,0.0,1.446725368499756,0.041000001132488
2025-12-05 15:40:17,4.34506368637085,0.0,1.446725368499756,0.041000001132488
2025-12-05 15:40:21,5.046432018280029,2.092235326766968,1.446725368499756,0.007000000216067
2025-12-05 15:40:24,4.499022483825684,16.570667266845703,1.451612949371338,0.002000000094995
2025-12-05 15:40:27,4.704300880432129,6.258556365966797,1.451612949371338,0.013000000268221
2025-12-05 15:40:30,4.516129016876221,10.40099048614502,1.446725368499756,0.035000000149012
2025-12-05 15:40:34,4.122678279876709,2.092235326766968,1.436950087547302,0.021999999880791
2025-12-05 15:40:37,4.17399787902832,2.092235326766968,1.446725368499756,0.010999999940395
2025-12-05 15:40:40,4.17399787902832,2.092235326766968,1.446725368499756,0.010999999940395
2025-12-05 15:40:43,4.618768215179443,2.092235326766968,1.446725368499756,0.019999999552965
2025-12-05 15:40:47,4.875366687774658,0.0,1.436950087547302,0.019999999552965
2025-12-05 15:40:50,4.122678279876709,0.0,1.43206250667572,0.035999998450279
2025-12-05 15:40:53,4.92668628692627,0.0,1.441837787628174,0.023000000044703
2025-12-05 15:40:56,4.208210945129395,0.0,1.446725368499756,0.0
2025-12-05 15:41:00,4.225317478179932,0.0,1.441837787628174,0.003000000026077
2025-12-05 15:41:03,4.584555149078369,0.0,1.446725368499756,0.00800000037998
2025-12-05 15:41:06,4.584555149078369,0.0,1.446725368499756,0.00800000037998
2025-12-05 15:41:09,4.670087814331055,0.0,1.441837787628174,0.012000000104308
2025-12-05 15:41:12,4.516129016876221,0.0,1.446725368499756,0.014999999664724
2025-12-05 15:41:16,4.020039081573486,0.0,1.441837787628174,0.014999999664724
2025-12-05 16:04:33,6.654447555541992,0.0,0.806451618671417,0.006000000052154
2025-12-05 16:04:36,6.654447555541992,0.0,0.806451618671417,0.006000000052154
2025-12-05 16:04:39,6.192570686340332,0.0,0.826001942157745,0.167999997735023
2025-12-05 16:04:42,6.654447555541992,0.0,0.762463331222534,0.064999997615814
2025-12-05 16:04:46,6.671554088592529,0.0,0.713587462902069,0.068000003695488
2025-12-05 16:04:49,4.618768215179443,0.0,0.645161271095276,0.130999997258186
2025-12-05 16:04:52,6.089931488037109,0.0,0.586510241031647,0.104999996721745
2025-12-05 16:04:55,5.833333492279053,0.0,0.562072336673737,0.111000001430511
2025-12-05 16:04:59,6.055718421936035,0.0,0.537634432315826,0.12899999320507
2025-12-05 16:05:02,6.055718421936035,0.0,0.537634432315826,0.12899999320507
2025-12-05 16:05:05,5.474095821380615,0.0,0.493646144866943,0.068999998271465
2025-12-05 16:05:08,5.303030490875244,0.0,0.478983372449875,0.108999997377396
2025-12-05 16:05:12,5.97018575668335,0.0,0.474095791578293,0.097000002861023
2025-12-05 16:05:15,5.285923957824707,0.0,0.474095791578293,0.079999998211861
2025-12-05 16:05:18,5.38856315612793,0.0,0.469208210706711,0.079999998211861
2025-12-05 16:05:21,5.38856315612793,0.0,0.469208210706711,0.079999998211861
2025-12-05 16:05:24,5.816226959228516,0.0,0.532746851444244,0.046999998390675
2025-12-05 16:05:28,6.158357620239258,0.0,0.537634432315826,0.020999999716878
2025-12-05 16:05:31,6.004398822784424,0.0,0.532746851444244,0.035999998450279
2025-12-05 16:05:34,6.004398822784424,0.0,0.532746851444244,0.035999998450279
2025-12-05 16:05:37,5.354350090026855,0.0,0.532746851444244,0.020999999716878
2025-12-05 16:05:40,5.285923957824707,0.0,0.532746851444244,0.043999999761581
2025-12-05 16:05:43,5.610948085784912,0.0,0.532746851444244,0.0489999987185
2025-12-05 16:05:47,5.610948085784912,0.0,0.532746851444244,0.0489999987185
2025-12-05 16:05:55,5.26881742477417,0.0,0.522971630096436,0.028999999165535
2025-12-05 16:05:58,5.012218952178955,0.0,0.513196468353271,0.028000000864267
2025-12-05 16:06:01,6.295210361480713,0.0,0.508308887481689,0.0
2025-12-05 16:06:04,6.295210361480713,0.0,0.508308887481689,0.0
2025-12-05 16:06:08,6.021505355834961,0.0,0.508308887481689,0.01799999922514
2025-12-05 16:06:11,6.397849559783936,0.0,0.513196468353271,0.028999999165535
2025-12-05 16:06:14,5.285923957824707,0.0,0.503421306610107,0.032999999821186
2025-12-05 16:06:17,6.517595291137695,0.0,0.508308887481689,0.037999998778105
2025-12-05 16:06:21,4.875366687774658,0.0,0.503421306610107,0.039000000804663
2025-12-05 16:06:24,5.405669689178467,0.0,0.498533725738525,0.050999999046326
2025-12-05 16:06:27,5.405669689178467,0.0,0.498533725738525,0.050999999046326
2025-12-05 16:06:30,5.542521953582764,0.0,0.498533725738525,0.039000000804663
2025-12-05 16:06:33,5.542521953582764,0.0,0.493646144866943,0.126000002026558
2025-12-05 16:06:37,6.603127956390381,0.0,0.498533725738525,0.068999998271465
2025-12-05 16:06:40,6.31231689453125,0.0,0.493646144866943,0.108000002801418
2025-12-05 16:06:43,6.158357620239258,0.0,0.493646144866943,0.07599999755621
2025-12-05 16:06:46,5.542521953582764,0.0,0.493646144866943,0.064999997615814
2025-12-05 16:06:50,5.166177749633789,0.0,0.493646144866943,0.056000001728535
2025-12-05 16:06:53,5.422776222229004,0.0,0.493646144866943,0.056000001728535
2025-12-05 16:06:56,6.158357620239258,0.0,0.488758563995361,0.050000000745058
2025-12-05 16:06:59,6.021505355834961,0.0,0.488758563995361,0.046000000089407
2025-12-05 16:07:03,6.021505355834961,0.0,0.488758563995361,0.046999998390675
2025-12-05 16:07:06,5.628054618835449,0.0,0.488758563995361,0.03999999910593
2025-12-05 16:07:09,5.628054618835449,0.0,0.488758563995361,0.03999999910593
2025-12-05 16:07:12,5.884653091430664,0.0,0.474095791578293,0.048000000417233
2025-12-05 16:07:15,5.833333492279053,0.0,0.483870953321457,0.046000000089407
2025-12-05 16:07:19,6.158357620239258,0.0,0.483870953321457,0.050999999046326
2025-12-05 16:07:22,5.251710891723633,0.0,0.488758563995361,0.054000001400709
2025-12-05 16:07:25,6.055718421936035,0.0,0.483870953321457,0.052000001072884
2025-12-05 16:07:28,6.158357620239258,0.0,0.483870953321457,0.048000000417233
2025-12-05 16:07:31,6.107038021087646,0.0,0.478983372449875,0.046000000089407
2025-12-05 16:07:34,6.243890285491943,0.0,0.488758563995361,0.052999999374151
2025-12-05 16:07:38,5.662267684936523,0.0,0.478983372449875,0.050000000745058
2025-12-05 16:07:41,5.662267684936523,0.0,0.478983372449875,0.050000000745058
2025-12-05 16:07:44,6.226783752441406,0.0,0.483870953321457,0.056000001728535
2025-12-05 16:07:48,6.243890285491943,0.0,0.483870953321457,0.020999999716878
2025-12-05 16:07:51,6.141251087188721,0.0,0.478983372449875,0.046000000089407
2025-12-05 16:07:54,5.474095821380615,0.0,0.483870953321457,0.045000001788139
2025-12-05 16:07:57,5.525415420532227,0.0,0.483870953321457,0.041999999433756
2025-12-05 16:08:01,5.525415420532227,0.0,0.483870953321457,0.041999999433756
2025-12-05 16:08:04,5.867546558380127,0.0,0.478983372449875,0.056000001728535
2025-12-05 16:08:07,6.141251087188721,0.0,0.483870953321457,0.056000001728535
2025-12-05 16:08:10,5.610948085784912,0.0,0.478983372449875,0.057000000029802
2025-12-05 16:08:14,6.089931488037109,0.0,0.478983372449875,0.052999999374151
2025-12-05 16:08:17,5.559628486633301,0.0,0.478983372449875,0.03999999910593
2025-12-05 16:08:20,6.192570686340332,0.0,0.483870953321457,0.032999999821186
2025-12-05 16:08:24,6.158357620239258,0.0,0.478983372449875,0.039000000804663
2025-12-05 16:10:38,6.021505355834961,0.0,0.474095791578293,0.024000000208616
2025-12-05 16:10:41,5.867546558380127,0.0,0.474095791578293,0.032999999821186
2025-12-05 16:10:45,5.439882755279541,0.0,0.478983372449875,0.029999999329448
2025-12-05 16:10:48,6.038611888885498,0.0,0.474095791578293,0.027000000700355
2025-12-05 16:10:51,5.730693817138672,0.0,0.474095791578293,0.029999999329448
2025-12-05 16:10:55,5.953079223632812,0.0,0.474095791578293,0.029999999329448
2025-12-05 16:10:58,6.089931488037109,0.0,0.474095791578293,0.035000000149012
2025-12-05 16:11:01,5.525415420532227,0.0,0.474095791578293,0.032999999821186
2025-12-05 16:11:04,5.593841552734375,0.0,0.478983372449875,0.030999999493361
2025-12-05 16:11:07,6.089931488037109,0.0,0.474095791578293,0.029999999329448
2025-12-05 16:11:10,6.089931488037109,0.0,0.474095791578293,0.029999999329448
2025-12-05 16:11:14,5.918866157531738,0.0,0.474095791578293,0.028000000864267
2025-12-05 16:11:17,6.055718421936035,0.0,0.474095791578293,0.021999999880791
2025-12-05 16:11:20,5.696480751037598,0.0,0.474095791578293,0.023000000044703
2025-12-05 16:11:23,5.696480751037598,0.0,0.474095791578293,0.023000000044703
2025-12-05 16:11:26,6.107038021087646,0.0,0.474095791578293,0.024000000208616
2025-12-05 17:00:32,5.200390815734863,0.0,1.466275691986084,0.001000000047497
2025-12-05 17:00:34,5.200390815734863,0.0,1.466275691986084,0.001000000047497
2025-12-05 17:00:37,5.200390815734863,0.0,1.466275691986084,0.001000000047497
