timestamp,pH,TDS_ppm,turbidity_NTU,VOC_mg_L,label
2025-12-05 12:33:36,6.055718421936035,40.74555969238281,0.757575750350952,0.0,hardwater
2025-12-05 12:33:41,6.055718421936035,40.74555969238281,0.757575750350952,0.0,hardwater
2025-12-05 12:33:46,6.004398822784424,40.74555969238281,0.75268816947937,0.0,hardwater
2025-12-05 12:33:51,6.004398822784424,40.74555969238281,0.757575750350952,0.0,hardwater
2025-12-05 12:33:56,5.987292289733887,40.74555969238281,0.75268816947937,0.0,hardwater
2025-12-05 12:34:13,5.987292289733887,40.74555969238281,0.757575750350952,0.0,hardwater
2025-12-05 12:34:14,5.987292289733887,40.74555969238281,0.757575750350952,0.0,hardwater
2025-12-05 12:34:15,5.987292289733887,40.74555969238281,0.75268816947937,0.0,hardwater
2025-12-05 12:34:16,5.987292289733887,40.74555969238281,0.75268816947937,0.0,hardwater
2025-12-05 12:34:17,5.987292289733887,40.74555969238281,0.75268816947937,0.0,hardwater
2025-12-05 12:34:18,5.987292289733887,40.74555969238281,0.75268816947937,0.0,hardwater
2025-12-05 12:34:19,6.055718421936035,40.74555969238281,0.75268816947937,0.00800000037998,hardwater
2025-12-05 12:34:20,6.055718421936035,40.74555969238281,0.75268816947937,0.00800000037998,hardwater
2025-12-05 12:34:21,6.055718421936035,40.74555969238281,0.75268816947937,0.00800000037998,hardwater
2025-12-05 12:34:22,6.055718421936035,40.74555969238281,0.75268816947937,0.00800000037998,hardwater
2025-12-05 12:34:24,6.004398822784424,40.74555969238281,0.75268816947937,0.024000000208616,hardwater
2025-12-05 12:34:25,6.004398822784424,40.74555969238281,0.75268816947937,0.024000000208616,hardwater
2025-12-05 12:34:26,6.004398822784424,40.74555969238281,0.75268816947937,0.024000000208616,hardwater
2025-12-05 12:34:27,6.004398822784424,40.74555969238281,0.75268816947937,0.024000000208616,hardwater
2025-12-05 12:34:28,6.038611888885498,40.74555969238281,0.620723366737366,0.021999999880791,hardwater
2025-12-05 12:34:29,6.038611888885498,40.74555969238281,0.620723366737366,0.021999999880791,hardwater
2025-12-05 12:34:30,6.038611888885498,40.74555969238281,0.620723366737366,0.021999999880791,hardwater
2025-12-05 12:34:31,6.038611888885498,40.74555969238281,1.280547380447388,0.0,hardwater
2025-12-05 12:34:32,6.038611888885498,40.74555969238281,1.280547380447388,0.0,hardwater
2025-12-05 12:34:33,6.038611888885498,40.74555969238281,1.280547380447388,0.0,hardwater
2025-12-05 12:34:35,6.055718421936035,40.74555969238281,1.226783990859985,0.0,hardwater
2025-12-05 12:34:36,6.055718421936035,40.74555969238281,1.226783990859985,0.0,hardwater
2025-12-05 12:34:37,6.055718421936035,40.74555969238281,1.226783990859985,0.0,hardwater
2025-12-05 12:34:38,5.987292289733887,40.74555969238281,1.217008829116821,0.003000000026077,hardwater
2025-12-05 12:34:39,5.987292289733887,40.74555969238281,1.217008829116821,0.003000000026077,hardwater
2025-12-05 12:34:40,5.987292289733887,40.74555969238281,1.217008829116821,0.003000000026077,hardwater
2025-12-05 12:34:41,6.072824954986572,40.74555969238281,1.197458505630493,0.012000000104308,hardwater
2025-12-05 12:34:42,6.072824954986572,40.74555969238281,1.197458505630493,0.012000000104308,hardwater
2025-12-05 12:34:43,6.072824954986572,40.74555969238281,1.197458505630493,0.012000000104308,hardwater
2025-12-05 12:34:53,6.072824954986572,40.74555969238281,1.187683343887329,0.013000000268221,hardwater
2025-12-05 12:34:56,6.072824954986572,40.74555969238281,1.182795643806458,0.014000000432134,hardwater
2025-12-05 12:34:59,6.055718421936035,40.74555969238281,1.182795643806458,0.018999999389052,hardwater
2025-12-05 12:35:03,5.97018575668335,40.74555969238281,1.173020482063293,0.01799999922514,hardwater
2025-12-05 12:35:06,5.987292289733887,40.74555969238281,1.173020482063293,0.016000000759959,hardwater
2025-12-05 12:35:09,5.987292289733887,40.74555969238281,1.163245320320129,0.016000000759959,hardwater
2025-12-05 12:35:12,6.072824954986572,40.74555969238281,1.163245320320129,0.017000000923872,hardwater
2025-12-05 12:35:15,5.987292289733887,40.74555969238281,1.158357739448547,0.014999999664724,hardwater
2025-12-05 12:35:18,6.021505355834961,40.74555969238281,1.163245320320129,0.016000000759959,hardwater
2025-12-05 12:35:21,5.97018575668335,40.74555969238281,0.503421306610107,0.003000000026077,hardwater
2025-12-05 12:35:24,5.97018575668335,40.74555969238281,0.503421306610107,0.003000000026077,hardwater
2025-12-05 12:35:27,6.038611888885498,38.76057434082031,0.87487781047821,0.019999999552965,hardwater
2025-12-05 12:35:30,6.004398822784424,42.725364685058594,1.485826015472412,0.034000001847744,hardwater
2025-12-05 12:35:33,6.055718421936035,42.725364685058594,1.348973631858826,0.041999999433756,hardwater
2025-12-05 12:36:08,6.055718421936035,40.74555969238281,1.256109476089478,0.024000000208616,hardwater
2025-12-05 12:36:11,6.055718421936035,40.74555969238281,1.256109476089478,0.024000000208616,hardwater
2025-12-05 12:36:14,6.038611888885498,40.74555969238281,1.251221895217896,0.025000000372529,hardwater
2025-12-05 12:36:17,6.021505355834961,42.725364685058594,1.256109476089478,0.024000000208616,hardwater
2025-12-05 12:36:21,6.072824954986572,40.74555969238281,1.251221895217896,0.024000000208616,hardwater
2025-12-05 12:36:24,6.004398822784424,40.74555969238281,1.246334314346313,0.023000000044703,hardwater
2025-12-05 12:36:27,6.038611888885498,42.725364685058594,1.246334314346313,0.024000000208616,hardwater
2025-12-05 12:36:30,6.055718421936035,42.725364685058594,1.246334314346313,0.023000000044703,hardwater
2025-12-05 12:36:33,6.038611888885498,40.74555969238281,1.241446733474731,0.024000000208616,hardwater
2025-12-05 12:36:36,6.038611888885498,40.74555969238281,1.241446733474731,0.024000000208616,hardwater
2025-12-05 12:36:39,6.038611888885498,40.74555969238281,1.241446733474731,0.020999999716878,hardwater
2025-12-05 12:36:42,5.987292289733887,40.74555969238281,1.231671571731567,0.020999999716878,hardwater
2025-12-05 12:36:45,6.021505355834961,40.74555969238281,1.236559152603149,0.019999999552965,hardwater
2025-12-05 12:36:48,5.953079223632812,40.74555969238281,1.236559152603149,0.019999999552965,hardwater
2025-12-05 12:36:51,6.072824954986572,40.74555969238281,1.236559152603149,0.019999999552965,hardwater
2025-12-05 12:36:54,6.004398822784424,40.74555969238281,1.226783990859985,0.019999999552965,hardwater
2025-12-05 12:36:57,6.055718421936035,42.725364685058594,1.226783990859985,0.019999999552965,hardwater
2025-12-05 12:37:00,5.987292289733887,40.74555969238281,1.226783990859985,0.018999999389052,hardwater
2025-12-05 12:37:04,5.987292289733887,40.74555969238281,1.226783990859985,0.01799999922514,hardwater
2025-12-05 12:37:07,6.038611888885498,40.74555969238281,1.221896409988403,0.017000000923872,hardwater
2025-12-05 12:37:10,6.038611888885498,40.74555969238281,1.221896409988403,0.017000000923872,hardwater
2025-12-05 12:37:13,6.055718421936035,42.725364685058594,1.221896409988403,0.017000000923872,hardwater
2025-12-05 12:37:16,5.97018575668335,40.74555969238281,1.221896409988403,0.014999999664724,hardwater
2025-12-05 12:37:19,6.021505355834961,40.74555969238281,1.221896409988403,0.014000000432134,hardwater
2025-12-05 12:37:22,5.987292289733887,42.725364685058594,1.217008829116821,0.014000000432134,hardwater
2025-12-05 12:37:26,5.97018575668335,40.74555969238281,1.221896409988403,0.013000000268221,hardwater
2025-12-05 12:37:29,6.021505355834961,42.725364685058594,1.217008829116821,0.012000000104308,hardwater
2025-12-05 12:37:32,6.055718421936035,40.74555969238281,1.217008829116821,0.012000000104308,hardwater
2025-12-05 12:37:35,6.055718421936035,42.725364685058594,1.217008829116821,0.00800000037998,hardwater
2025-12-05 12:37:38,6.055718421936035,42.725364685058594,1.212121248245239,0.007000000216067,hardwater
2025-12-05 12:37:41,6.055718421936035,40.74555969238281,1.207233667373657,0.006000000052154,hardwater
2025-12-05 12:37:44,6.055718421936035,40.74555969238281,1.207233667373657,0.006000000052154,hardwater
2025-12-05 12:37:47,6.021505355834961,40.74555969238281,1.212121248245239,0.00400000018999,hardwater
2025-12-05 12:37:50,6.004398822784424,42.725364685058594,1.212121248245239,0.006000000052154,hardwater
2025-12-05 12:37:53,5.97018575668335,40.74555969238281,1.217008829116821,0.004999999888241,hardwater
2025-12-05 12:37:56,5.97018575668335,40.74555969238281,1.217008829116821,0.004999999888241,hardwater
2025-12-05 12:37:59,6.004398822784424,42.725364685058594,1.212121248245239,0.003000000026077,hardwater
2025-12-05 12:38:02,5.97018575668335,40.74555969238281,1.207233667373657,0.007000000216067,hardwater
2025-12-05 12:38:05,5.987292289733887,46.66963195800781,1.207233667373657,0.007000000216067,hardwater
2025-12-05 12:38:09,5.987292289733887,46.66963195800781,1.207233667373657,0.007000000216067,hardwater
2025-12-05 12:38:12,6.021505355834961,42.725364685058594,1.207233667373657,0.006000000052154,hardwater
2025-12-05 12:38:15,6.055718421936035,40.74555969238281,1.202346086502075,0.007000000216067,hardwater
2025-12-05 12:38:18,6.055718421936035,42.725364685058594,1.202346086502075,0.007000000216067,hardwater
2025-12-05 12:38:21,6.021505355834961,40.74555969238281,1.202346086502075,0.00800000037998,hardwater
2025-12-05 12:38:24,6.021505355834961,40.74555969238281,1.202346086502075,0.00800000037998,hardwater
2025-12-05 12:38:27,6.089931488037109,40.74555969238281,1.197458505630493,0.007000000216067,hardwater
2025-12-05 12:38:30,6.021505355834961,40.74555969238281,1.202346086502075,0.007000000216067,hardwater
2025-12-05 12:38:33,6.004398822784424,42.725364685058594,1.197458505630493,0.006000000052154,hardwater
2025-12-05 12:38:36,6.004398822784424,40.74555969238281,1.197458505630493,0.003000000026077,hardwater
2025-12-05 12:38:39,6.055718421936035,42.725364685058594,1.202346086502075,0.002000000094995,hardwater
2025-12-05 12:38:42,6.055718421936035,42.725364685058594,1.202346086502075,0.001000000047497,hardwater
2025-12-05 12:38:45,6.055718421936035,42.725364685058594,1.202346086502075,0.001000000047497,hardwater
2025-12-05 12:38:48,5.987292289733887,40.74555969238281,1.202346086502075,0.002000000094995,hardwater
2025-12-05 12:38:51,6.021505355834961,42.725364685058594,1.197458505630493,0.002000000094995,hardwater
2025-12-05 12:38:54,5.97018575668335,42.725364685058594,1.197458505630493,0.0,hardwater
2025-12-05 12:38:57,6.055718421936035,40.74555969238281,1.197458505630493,0.0,hardwater
2025-12-05 12:39:00,6.038611888885498,40.74555969238281,1.192570924758911,0.0,hardwater
2025-12-05 12:39:03,6.072824954986572,40.74555969238281,1.192570924758911,0.0,hardwater
2025-12-05 12:39:06,6.072824954986572,40.74555969238281,1.192570924758911,0.0,hardwater
2025-12-05 12:39:09,6.055718421936035,42.725364685058594,1.182795643806458,0.0,hardwater
2025-12-05 12:39:12,6.021505355834961,40.74555969238281,1.192570924758911,0.0,hardwater
2025-12-05 12:39:16,6.021505355834961,42.725364685058594,1.187683343887329,0.001000000047497,hardwater
2025-12-05 12:39:19,6.021505355834961,40.74555969238281,1.187683343887329,0.0,hardwater
2025-12-05 12:39:22,6.004398822784424,40.74555969238281,1.197458505630493,0.001000000047497,hardwater
2025-12-05 12:39:25,6.089931488037109,40.74555969238281,1.192570924758911,0.001000000047497,hardwater
2025-12-05 12:39:28,6.089931488037109,40.74555969238281,1.192570924758911,0.001000000047497,hardwater
2025-12-05 12:39:31,6.089931488037109,40.74555969238281,1.187683343887329,0.002000000094995,hardwater
2025-12-05 12:39:34,6.055718421936035,40.74555969238281,1.182795643806458,0.001000000047497,hardwater
2025-12-05 12:39:38,6.038611888885498,40.74555969238281,1.187683343887329,0.0,hardwater
2025-12-05 12:39:41,6.004398822784424,40.74555969238281,1.182795643806458,0.002000000094995,hardwater
2025-12-05 12:39:44,6.004398822784424,40.74555969238281,1.182795643806458,0.002000000094995,hardwater
2025-12-05 12:39:47,6.055718421936035,42.725364685058594,1.182795643806458,0.001000000047497,hardwater
2025-12-05 12:39:50,6.072824954986572,42.725364685058594,1.182795643806458,0.001000000047497,hardwater
2025-12-05 12:39:53,6.055718421936035,40.74555969238281,1.182795643806458,0.002000000094995,hardwater
2025-12-05 12:39:56,6.055718421936035,40.74555969238281,1.182795643806458,0.002000000094995,hardwater
2025-12-05 12:40:00,6.004398822784424,42.725364685058594,1.173020482063293,0.00400000018999,hardwater
2025-12-05 12:40:03,6.004398822784424,40.74555969238281,1.182795643806458,0.003000000026077,hardwater
2025-12-05 12:40:06,6.021505355834961,40.74555969238281,1.177908062934875,0.003000000026077,hardwater
2025-12-05 12:40:09,6.004398822784424,42.725364685058594,1.173020482063293,0.003000000026077,hardwater
2025-12-05 12:40:12,6.004398822784424,40.74555969238281,1.173020482063293,0.004999999888241,hardwater
2025-12-05 12:40:15,6.004398822784424,40.74555969238281,1.173020482063293,0.004999999888241,hardwater
2025-12-05 12:40:18,6.004398822784424,42.725364685058594,1.177908062934875,0.004999999888241,hardwater
2025-12-05 12:42:22,5.576735019683838,0.0,1.001955032348633,0.596000015735626,nothing
2025-12-05 12:42:25,5.576735019683838,0.0,1.001955032348633,0.596000015735626,nothing
2025-12-05 12:42:28,5.901759624481201,0.0,1.016617774963379,0.50900000333786,nothing
2025-12-05 12:42:31,6.055718421936035,0.0,1.026392936706543,0.499000012874603,nothing
2025-12-05 12:42:34,5.114858150482178,2.092235326766968,1.33431088924408,0.616999983787537,nothing
2025-12-05 12:42:37,5.593841552734375,0.0,1.001955032348633,0.625,nothing
2025-12-05 12:42:40,5.593841552734375,0.0,1.001955032348633,0.625,nothing
2025-12-05 12:42:43,5.337243556976318,0.0,1.016617774963379,0.462999999523163,nothing
2025-12-05 12:42:46,6.175464153289795,0.0,1.133919835090637,0.018999999389052,nothing
2025-12-05 12:42:49,5.764907360076904,0.0,0.899315714836121,0.037000000476837,nothing
2025-12-05 12:42:52,5.764907360076904,0.0,0.899315714836121,0.037000000476837,nothing
2025-12-05 12:42:55,5.747800350189209,0.0,0.713587462902069,0.14300000667572,nothing
2025-12-05 12:42:59,5.799120426177979,0.0,1.026392936706543,0.150999993085861,nothing
2025-12-05 12:43:02,6.141251087188721,0.0,1.104594349861145,0.162000000476837,nothing
2025-12-05 12:43:05,6.141251087188721,0.0,1.104594349861145,0.162000000476837,nothing
2025-12-05 12:43:08,5.696480751037598,0.0,1.099706768989563,0.171000003814697,nothing
2025-12-05 12:43:11,5.918866157531738,0.0,1.080156445503235,0.180999994277954,nothing
2025-12-05 12:43:14,5.576735019683838,0.0,1.075268864631653,0.188999995589256,nothing
2025-12-05 12:43:17,6.038611888885498,2.092235326766968,1.070381283760071,0.193000003695488,nothing
2025-12-05 12:47:50,5.576735019683838,2.092235326766968,1.016617774963379,0.079000003635883,nothing
2025-12-05 12:47:53,5.799120426177979,0.0,1.011730194091797,0.075000002980232,nothing
2025-12-05 12:48:29,5.953079223632812,0.0,1.011730194091797,0.056000001728535,nothing
2025-12-05 12:48:32,5.953079223632812,0.0,1.011730194091797,0.056000001728535,nothing
2025-12-05 12:48:36,5.867546558380127,0.0,1.011730194091797,0.064000003039837,nothing
2025-12-05 12:48:39,5.696480751037598,0.0,1.006842613220215,0.06700000166893,nothing
2025-12-05 12:48:42,5.439882755279541,0.0,1.011730194091797,0.06700000166893,nothing
2025-12-05 12:48:45,5.816226959228516,0.0,1.011730194091797,0.06700000166893,nothing
2025-12-05 12:48:48,5.816226959228516,0.0,1.006842613220215,0.064000003039837,nothing
2025-12-05 12:48:51,5.816226959228516,0.0,1.006842613220215,0.064000003039837,nothing
2025-12-05 12:48:54,5.884653091430664,0.0,1.006842613220215,0.063000001013279,nothing
2025-12-05 12:48:57,5.662267684936523,0.0,1.006842613220215,0.059999998658895,nothing
2025-12-05 12:50:26,5.833333492279053,8.332735061645508,0.796676456928253,1.991000056266785,rainwater
2025-12-05 12:50:29,5.85044002532959,6.258556365966797,0.816226780414581,1.991000056266785,rainwater
2025-12-05 12:50:32,5.85044002532959,8.332735061645508,0.835777103900909,1.991000056266785,rainwater
2025-12-05 12:50:35,5.764907360076904,8.332735061645508,0.8504399061203,1.991000056266785,rainwater
2025-12-05 12:50:39,5.764907360076904,8.332735061645508,0.8504399061203,1.991000056266785,rainwater
2025-12-05 12:50:42,5.559628486633301,6.258556365966797,0.860215067863464,1.991000056266785,rainwater
2025-12-05 12:50:45,5.628054618835449,8.332735061645508,0.865102648735046,1.991000056266785,rainwater
2025-12-05 12:50:48,5.645161151885986,8.332735061645508,0.889540553092957,1.991000056266785,rainwater
2025-12-05 12:50:51,5.645161151885986,8.332735061645508,0.889540553092957,1.991000056266785,rainwater
2025-12-05 12:50:54,5.782013893127441,8.332735061645508,0.923753678798676,1.991000056266785,rainwater
2025-12-05 12:50:57,5.679374217987061,8.332735061645508,0.987292289733887,1.991000056266785,rainwater
2025-12-05 12:51:00,5.679374217987061,8.332735061645508,0.987292289733887,1.991000056266785,rainwater
2025-12-05 12:51:03,5.730693817138672,8.332735061645508,1.036168098449707,1.991000056266785,rainwater
2025-12-05 12:51:06,5.713587284088135,8.332735061645508,1.075268864631653,1.991000056266785,rainwater
2025-12-05 12:51:09,5.713587284088135,8.332735061645508,1.217008829116821,1.991000056266785,rainwater
2025-12-05 12:51:12,5.679374217987061,8.332735061645508,1.319648146629333,1.991000056266785,rainwater
2025-12-05 12:51:15,5.679374217987061,8.332735061645508,1.319648146629333,1.991000056266785,rainwater
2025-12-05 12:51:18,5.696480751037598,8.332735061645508,1.441837787628174,1.991000056266785,rainwater
2025-12-05 12:51:21,5.730693817138672,8.332735061645508,1.33431088924408,1.991000056266785,rainwater
2025-12-05 12:51:24,5.645161151885986,12.46336555480957,1.348973631858826,1.991000056266785,rainwater
2025-12-05 12:51:27,5.593841552734375,14.519909858703613,1.417399764060974,1.991000056266785,rainwater
2025-12-05 12:51:30,5.593841552734375,14.519909858703613,1.417399764060974,1.991000056266785,rainwater
2025-12-05 12:51:33,5.645161151885986,8.332735061645508,1.417399764060974,1.991000056266785,rainwater
2025-12-05 12:51:36,5.645161151885986,8.332735061645508,1.40762460231781,1.991000056266785,rainwater
2025-12-05 12:51:40,5.662267684936523,8.332735061645508,1.402737021446228,1.991000056266785,rainwater
2025-12-05 12:51:43,5.593841552734375,8.332735061645508,1.402737021446228,1.991000056266785,rainwater
2025-12-05 12:51:46,5.593841552734375,8.332735061645508,1.402737021446228,1.991000056266785,rainwater
2025-12-05 12:51:49,5.576735019683838,8.332735061645508,1.402737021446228,1.991000056266785,rainwater
2025-12-05 12:51:52,5.628054618835449,8.332735061645508,1.40762460231781,1.991000056266785,rainwater
2025-12-05 12:51:55,5.628054618835449,8.332735061645508,1.402737021446228,1.991000056266785,rainwater
2025-12-05 12:51:58,5.628054618835449,8.332735061645508,1.402737021446228,1.991000056266785,rainwater
2025-12-05 12:52:01,5.542521953582764,8.332735061645508,1.402737021446228,1.991000056266785,rainwater
2025-12-05 12:52:04,5.662267684936523,8.332735061645508,1.397849440574646,1.991000056266785,rainwater
2025-12-05 12:52:07,5.662267684936523,8.332735061645508,1.3831866979599,1.991000056266785,rainwater
2025-12-05 12:52:10,5.662267684936523,8.332735061645508,1.3831866979599,1.991000056266785,rainwater
2025-12-05 12:52:13,5.662267684936523,8.332735061645508,1.378299117088318,1.991000056266785,rainwater
2025-12-05 12:52:16,5.628054618835449,8.332735061645508,1.378299117088318,1.991000056266785,rainwater
2025-12-05 12:52:20,5.662267684936523,8.332735061645508,1.378299117088318,1.991000056266785,rainwater
2025-12-05 12:52:23,5.559628486633301,8.332735061645508,1.3831866979599,1.991000056266785,rainwater
2025-12-05 12:52:26,5.337243556976318,8.332735061645508,1.378299117088318,1.991000056266785,rainwater
2025-12-05 12:52:29,5.337243556976318,8.332735061645508,1.378299117088318,1.991000056266785,rainwater
2025-12-05 12:52:32,5.371456623077393,4.178405284881592,1.388074278831482,1.991000056266785,rainwater
2025-12-05 12:52:35,5.474095821380615,8.332735061645508,1.368523955345154,1.991000056266785,rainwater
2025-12-05 12:52:38,5.354350090026855,8.332735061645508,1.368523955345154,1.991000056266785,rainwater
2025-12-05 12:52:41,4.875366687774658,8.332735061645508,1.378299117088318,1.991000056266785,rainwater
2025-12-05 12:52:44,5.046432018280029,8.332735061645508,1.392961859703064,1.991000056266785,rainwater
2025-12-05 12:52:47,5.012218952178955,8.332735061645508,1.397849440574646,1.991000056266785,rainwater
2025-12-05 12:52:50,5.354350090026855,8.332735061645508,1.417399764060974,1.991000056266785,rainwater
2025-12-05 12:52:53,3.506842613220215,8.332735061645508,1.392961859703064,1.991000056266785,rainwater
2025-12-05 12:52:57,3.763440847396851,8.332735061645508,1.388074278831482,1.991000056266785,rainwater
2025-12-05 12:53:00,3.917399883270264,8.332735061645508,1.3831866979599,1.991000056266785,rainwater
2025-12-05 12:53:03,3.917399883270264,8.332735061645508,1.3831866979599,1.991000056266785,rainwater
2025-12-05 12:53:06,4.037145614624023,8.332735061645508,1.388074278831482,1.991000056266785,rainwater
2025-12-05 12:53:09,4.054252147674561,8.332735061645508,1.392961859703064,1.991000056266785,rainwater
2025-12-05 12:53:12,4.156891345977783,8.332735061645508,1.392961859703064,1.991000056266785,rainwater
2025-12-05 12:53:15,4.156891345977783,8.332735061645508,1.392961859703064,1.991000056266785,rainwater
2025-12-05 12:53:18,4.17399787902832,8.332735061645508,1.397849440574646,1.991000056266785,rainwater
2025-12-05 12:53:21,4.088465213775635,8.332735061645508,1.397849440574646,1.991000056266785,rainwater
2025-12-05 12:53:24,4.208210945129395,8.332735061645508,1.397849440574646,1.991000056266785,rainwater
2025-12-05 12:53:27,4.122678279876709,8.332735061645508,1.388074278831482,1.991000056266785,rainwater
2025-12-05 12:53:30,4.122678279876709,8.332735061645508,1.388074278831482,1.991000056266785,rainwater
2025-12-05 12:53:33,4.191104412078857,8.332735061645508,1.402737021446228,1.991000056266785,rainwater
2025-12-05 12:53:36,4.17399787902832,8.332735061645508,1.397849440574646,1.991000056266785,rainwater
2025-12-05 12:53:39,4.088465213775635,8.332735061645508,1.402737021446228,1.991000056266785,rainwater
2025-12-05 12:53:42,4.105571746826172,8.332735061645508,1.397849440574646,1.991000056266785,rainwater
2025-12-05 12:53:45,4.105571746826172,8.332735061645508,1.397849440574646,1.991000056266785,rainwater
2025-12-05 12:53:48,4.105571746826172,8.332735061645508,1.402737021446228,1.991000056266785,rainwater
2025-12-05 12:53:51,4.156891345977783,8.332735061645508,1.40762460231781,1.991000056266785,rainwater
2025-12-05 12:53:54,4.088465213775635,8.332735061645508,1.397849440574646,1.991000056266785,rainwater
2025-12-05 12:53:57,4.088465213775635,8.332735061645508,1.397849440574646,1.991000056266785,rainwater
2025-12-05 12:54:00,4.054252147674561,8.332735061645508,1.402737021446228,1.991000056266785,rainwater
2025-12-05 12:54:03,4.088465213775635,8.332735061645508,1.392961859703064,1.991000056266785,rainwater
2025-12-05 12:54:06,4.088465213775635,8.332735061645508,1.392961859703064,1.991000056266785,rainwater
2025-12-05 12:54:10,4.088465213775635,8.332735061645508,1.397849440574646,1.991000056266785,rainwater
2025-12-05 12:54:13,4.071358680725098,8.332735061645508,1.397849440574646,1.991000056266785,rainwater
2025-12-05 12:54:16,4.071358680725098,8.332735061645508,1.397849440574646,1.991000056266785,rainwater
2025-12-05 12:54:19,4.139784812927246,8.332735061645508,1.392961859703064,1.991000056266785,rainwater
2025-12-05 12:54:22,4.139784812927246,8.332735061645508,1.392961859703064,1.991000056266785,rainwater
2025-12-05 12:54:25,4.071358680725098,8.332735061645508,1.397849440574646,1.991000056266785,rainwater
2025-12-05 12:54:28,4.139784812927246,10.40099048614502,1.397849440574646,1.991000056266785,rainwater
2025-12-05 12:54:31,4.054252147674561,8.332735061645508,1.402737021446228,1.991000056266785,rainwater
2025-12-05 12:54:34,4.105571746826172,10.40099048614502,1.392961859703064,1.991000056266785,rainwater
2025-12-05 12:54:37,4.020039081573486,10.40099048614502,1.392961859703064,1.991000056266785,rainwater
2025-12-05 12:54:40,4.037145614624023,8.332735061645508,1.388074278831482,1.991000056266785,rainwater
2025-12-05 12:54:43,4.037145614624023,8.332735061645508,1.388074278831482,1.991000056266785,rainwater
2025-12-05 12:54:46,4.037145614624023,8.332735061645508,1.388074278831482,1.991000056266785,rainwater
2025-12-05 12:54:49,3.985826015472412,8.332735061645508,1.388074278831482,1.991000056266785,rainwater
2025-12-05 12:54:52,4.071358680725098,8.332735061645508,1.388074278831482,1.991000056266785,rainwater
2025-12-05 12:54:56,4.002932548522949,8.332735061645508,1.388074278831482,1.991000056266785,rainwater
2025-12-05 12:54:59,4.002932548522949,8.332735061645508,1.388074278831482,1.991000056266785,rainwater
2025-12-05 12:55:02,4.088465213775635,8.332735061645508,1.378299117088318,1.991000056266785,rainwater
2025-12-05 12:55:05,4.054252147674561,8.332735061645508,1.3831866979599,1.991000056266785,rainwater
2025-12-05 12:55:08,4.002932548522949,8.332735061645508,1.3831866979599,1.991000056266785,rainwater
2025-12-05 12:55:11,4.037145614624023,8.332735061645508,1.3831866979599,1.991000056266785,rainwater
2025-12-05 12:55:14,4.088465213775635,10.40099048614502,1.3831866979599,1.991000056266785,rainwater
2025-12-05 12:55:17,4.088465213775635,10.40099048614502,1.3831866979599,1.991000056266785,rainwater
2025-12-05 12:55:20,3.985826015472412,8.332735061645508,1.3831866979599,1.991000056266785,rainwater
2025-12-05 12:55:23,4.020039081573486,10.40099048614502,1.378299117088318,1.991000056266785,rainwater
2025-12-05 12:55:26,4.002932548522949,10.40099048614502,1.373411536216736,1.991000056266785,rainwater
2025-12-05 12:55:30,4.002932548522949,10.40099048614502,1.373411536216736,1.991000056266785,rainwater
2025-12-05 12:55:33,3.985826015472412,10.40099048614502,1.373411536216736,1.991000056266785,rainwater
2025-12-05 12:55:36,3.968719482421875,8.332735061645508,1.368523955345154,1.991000056266785,rainwater
2025-12-05 12:55:39,4.037145614624023,10.40099048614502,1.368523955345154,1.991000056266785,rainwater
2025-12-05 12:55:42,4.020039081573486,8.332735061645508,1.373411536216736,1.991000056266785,rainwater
2025-12-05 12:55:45,4.020039081573486,8.332735061645508,1.373411536216736,1.991000056266785,rainwater
2025-12-05 12:55:48,4.088465213775635,10.40099048614502,1.368523955345154,1.991000056266785,rainwater
2025-12-05 12:55:51,3.985826015472412,10.40099048614502,1.368523955345154,1.991000056266785,rainwater
2025-12-05 12:55:54,3.985826015472412,10.40099048614502,1.368523955345154,1.991000056266785,rainwater
2025-12-05 12:55:57,2.617301940917969,8.332735061645508,1.368523955345154,1.991000056266785,rainwater
2025-12-05 12:56:00,2.360703706741333,8.332735061645508,1.324535727500916,1.991000056266785,rainwater
2025-12-05 12:56:03,2.891006946563721,8.332735061645508,1.35874879360199,1.991000056266785,rainwater
2025-12-05 12:56:06,2.565982341766357,8.332735061645508,1.368523955345154,1.991000056266785,rainwater
2025-12-05 12:56:09,2.565982341766357,8.332735061645508,1.368523955345154,1.991000056266785,rainwater
2025-12-05 12:56:12,2.925220012664795,8.332735061645508,1.373411536216736,1.991000056266785,rainwater
2025-12-05 12:56:16,3.216031312942505,8.332735061645508,1.368523955345154,1.991000056266785,rainwater
2025-12-05 12:56:19,3.284457445144653,8.332735061645508,1.368523955345154,1.991000056266785,rainwater
2025-12-05 12:56:22,3.30156397819519,8.332735061645508,1.35874879360199,1.991000056266785,rainwater
2025-12-05 12:56:25,3.30156397819519,8.332735061645508,1.35874879360199,1.991000056266785,rainwater
2025-12-05 12:56:28,3.369990110397339,6.258556365966797,1.35874879360199,1.991000056266785,rainwater
2025-12-05 12:56:31,3.369990110397339,8.332735061645508,1.35874879360199,1.991000056266785,rainwater
2025-12-05 12:56:34,3.387096881866455,8.332735061645508,1.35874879360199,1.991000056266785,rainwater
2025-12-05 12:56:37,3.455523014068604,8.332735061645508,1.353861212730408,1.991000056266785,rainwater
2025-12-05 12:56:40,3.489736080169678,8.332735061645508,1.353861212730408,1.991000056266785,rainwater
2025-12-05 12:56:43,3.489736080169678,8.332735061645508,1.353861212730408,1.991000056266785,rainwater
2025-12-05 12:56:46,3.523949146270752,8.332735061645508,1.348973631858826,1.991000056266785,rainwater
2025-12-05 12:56:49,3.489736080169678,8.332735061645508,1.348973631858826,1.991000056266785,rainwater
2025-12-05 12:56:52,3.523949146270752,8.332735061645508,1.348973631858826,1.991000056266785,rainwater
2025-12-05 12:56:55,3.489736080169678,8.332735061645508,1.339198470115662,1.991000056266785,rainwater
2025-12-05 12:56:58,3.489736080169678,8.332735061645508,1.339198470115662,1.991000056266785,rainwater
2025-12-05 12:57:01,3.558162212371826,8.332735061645508,1.33431088924408,1.991000056266785,rainwater
2025-12-05 12:59:09,3.814760446548462,2.092235326766968,1.324535727500916,1.991000056266785,bestwater
2025-12-05 12:59:12,4.687194347381592,0.0,1.417399764060974,1.991000056266785,bestwater
2025-12-05 12:59:15,4.909579753875732,0.0,1.26099705696106,1.991000056266785,bestwater
2025-12-05 12:59:18,5.080645084381104,0.0,1.236559152603149,1.991000056266785,bestwater
2025-12-05 12:59:22,5.097751617431641,0.0,1.212121248245239,1.991000056266785,bestwater
2025-12-05 12:59:25,5.097751617431641,0.0,1.212121248245239,1.991000056266785,bestwater
2025-12-05 12:59:28,5.063538551330566,0.0,1.212121248245239,1.991000056266785,bestwater
2025-12-05 12:59:31,5.251710891723633,0.0,1.217008829116821,1.991000056266785,bestwater
2025-12-05 12:59:34,5.029325485229492,0.0,1.197458505630493,1.991000056266785,bestwater
2025-12-05 12:59:37,5.029325485229492,0.0,1.197458505630493,1.991000056266785,bestwater
2025-12-05 12:59:40,5.166177749633789,0.0,1.182795643806458,1.991000056266785,bestwater
2025-12-05 12:59:43,5.166177749633789,0.0,1.182795643806458,1.991000056266785,bestwater
2025-12-05 12:59:46,5.371456623077393,2.092235326766968,1.182795643806458,1.991000056266785,bestwater
2025-12-05 12:59:49,5.38856315612793,0.0,1.182795643806458,1.991000056266785,bestwater
2025-12-05 12:59:52,5.38856315612793,0.0,1.182795643806458,1.991000056266785,bestwater
2025-12-05 12:59:55,5.2174973487854,0.0,1.177908062934875,1.991000056266785,bestwater
2025-12-05 12:59:58,5.149071216583252,0.0,1.182795643806458,1.991000056266785,bestwater
2025-12-05 13:00:01,5.200390815734863,0.0,1.187683343887329,1.991000056266785,bestwater
2025-12-05 13:00:05,5.2174973487854,2.092235326766968,1.197458505630493,1.991000056266785,bestwater
2025-12-05 13:00:08,5.2174973487854,2.092235326766968,1.197458505630493,1.991000056266785,bestwater
2025-12-05 13:00:11,5.337243556976318,0.0,1.197458505630493,1.991000056266785,bestwater
2025-12-05 13:00:14,5.354350090026855,6.258556365966797,1.197458505630493,1.991000056266785,bestwater
2025-12-05 13:00:17,5.354350090026855,0.0,1.197458505630493,1.991000056266785,bestwater
2025-12-05 13:00:20,5.371456623077393,4.178405284881592,1.187683343887329,1.991000056266785,bestwater
2025-12-05 13:00:23,5.371456623077393,4.178405284881592,1.187683343887329,1.991000056266785,bestwater
2025-12-05 13:00:26,5.320137023925781,0.0,1.182795643806458,1.991000056266785,bestwater
2025-12-05 13:00:29,5.320137023925781,0.0,1.177908062934875,1.991000056266785,bestwater
2025-12-05 13:00:33,5.251710891723633,0.0,1.168132901191711,1.991000056266785,bestwater
2025-12-05 13:00:36,5.320137023925781,0.0,1.173020482063293,1.991000056266785,bestwater
2025-12-05 13:00:39,5.26881742477417,2.092235326766968,1.158357739448547,1.991000056266785,bestwater
2025-12-05 13:00:42,5.26881742477417,2.092235326766968,1.158357739448547,1.991000056266785,bestwater
2025-12-05 13:00:45,5.285923957824707,0.0,1.158357739448547,1.991000056266785,bestwater
2025-12-05 13:00:48,5.38856315612793,2.092235326766968,1.158357739448547,1.991000056266785,bestwater
2025-12-05 13:00:52,5.320137023925781,2.092235326766968,1.148582577705383,1.991000056266785,bestwater
2025-12-05 13:00:55,5.320137023925781,2.092235326766968,1.148582577705383,1.991000056266785,bestwater
2025-12-05 13:00:58,5.251710891723633,0.0,1.148582577705383,1.991000056266785,bestwater
2025-12-05 13:01:01,5.405669689178467,0.0,1.158357739448547,1.991000056266785,bestwater
2025-12-05 13:01:04,5.38856315612793,0.0,1.158357739448547,1.991000056266785,bestwater
2025-12-05 13:01:07,5.251710891723633,2.092235326766968,1.153470158576965,1.991000056266785,bestwater
2025-12-05 13:01:10,5.251710891723633,2.092235326766968,1.153470158576965,1.991000056266785,bestwater
2025-12-05 13:01:13,5.285923957824707,0.0,1.153470158576965,1.991000056266785,bestwater
2025-12-05 13:01:16,5.26881742477417,2.092235326766968,1.153470158576965,1.991000056266785,bestwater
2025-12-05 13:01:19,4.909579753875732,2.092235326766968,1.153470158576965,1.991000056266785,bestwater
2025-12-05 13:01:22,4.960899353027344,2.092235326766968,1.158357739448547,1.991000056266785,bestwater
2025-12-05 13:01:25,4.960899353027344,2.092235326766968,1.158357739448547,1.991000056266785,bestwater
2025-12-05 13:01:28,5.354350090026855,2.092235326766968,1.153470158576965,1.991000056266785,bestwater
2025-12-05 13:01:31,5.422776222229004,2.092235326766968,1.163245320320129,1.991000056266785,bestwater
2025-12-05 13:01:34,5.354350090026855,0.0,1.158357739448547,1.991000056266785,bestwater
2025-12-05 13:01:37,5.26881742477417,2.092235326766968,1.163245320320129,1.991000056266785,bestwater
2025-12-05 13:01:40,5.26881742477417,2.092235326766968,1.163245320320129,1.991000056266785,bestwater
2025-12-05 13:01:43,5.542521953582764,2.092235326766968,1.158357739448547,1.991000056266785,bestwater
2025-12-05 13:01:46,5.542521953582764,2.092235326766968,1.163245320320129,1.991000056266785,bestwater
2025-12-05 13:01:50,5.456989288330078,2.092235326766968,1.163245320320129,1.991000056266785,bestwater
2025-12-05 13:01:53,5.491202354431152,0.0,1.163245320320129,1.991000056266785,bestwater
2025-12-05 13:01:56,5.491202354431152,0.0,1.163245320320129,1.991000056266785,bestwater
2025-12-05 13:01:59,5.439882755279541,2.092235326766968,1.163245320320129,1.991000056266785,bestwater
2025-12-05 13:02:02,5.542521953582764,2.092235326766968,1.138807415962219,1.991000056266785,bestwater
2025-12-05 13:02:05,5.371456623077393,2.092235326766968,1.158357739448547,1.991000056266785,bestwater
2025-12-05 13:02:08,5.491202354431152,0.0,1.163245320320129,1.991000056266785,bestwater
2025-12-05 13:02:11,5.491202354431152,0.0,1.163245320320129,1.991000056266785,bestwater
2025-12-05 13:02:14,5.405669689178467,0.0,1.163245320320129,1.991000056266785,bestwater
2025-12-05 13:02:17,5.405669689178467,2.092235326766968,1.163245320320129,1.991000056266785,bestwater
2025-12-05 13:02:20,5.456989288330078,2.092235326766968,1.158357739448547,1.991000056266785,bestwater
2025-12-05 13:02:23,5.422776222229004,2.092235326766968,1.163245320320129,1.991000056266785,bestwater
2025-12-05 13:02:26,5.422776222229004,2.092235326766968,1.163245320320129,1.991000056266785,bestwater
2025-12-05 13:02:29,5.422776222229004,2.092235326766968,1.158357739448547,1.991000056266785,bestwater
2025-12-05 13:02:32,4.533235549926758,2.092235326766968,1.148582577705383,1.991000056266785,bestwater
2025-12-05 13:02:35,5.38856315612793,2.092235326766968,1.177908062934875,1.991000056266785,bestwater
2025-12-05 13:02:38,5.166177749633789,2.092235326766968,1.168132901191711,1.991000056266785,bestwater
2025-12-05 13:02:41,5.166177749633789,2.092235326766968,1.168132901191711,1.991000056266785,bestwater
2025-12-05 13:02:45,5.422776222229004,2.092235326766968,1.187683343887329,1.991000056266785,bestwater
2025-12-05 13:02:48,5.285923957824707,2.092235326766968,1.192570924758911,1.991000056266785,bestwater
2025-12-05 13:02:51,5.285923957824707,2.092235326766968,1.192570924758911,1.991000056266785,bestwater
2025-12-05 13:02:54,5.303030490875244,2.092235326766968,1.187683343887329,1.991000056266785,bestwater
2025-12-05 13:02:57,5.337243556976318,2.092235326766968,1.192570924758911,1.991000056266785,bestwater
2025-12-05 13:03:00,5.38856315612793,2.092235326766968,1.187683343887329,1.991000056266785,bestwater
2025-12-05 13:03:03,5.405669689178467,2.092235326766968,1.182795643806458,1.991000056266785,bestwater
2025-12-05 13:03:06,5.508308887481689,2.092235326766968,1.182795643806458,1.991000056266785,bestwater
2025-12-05 13:03:09,5.508308887481689,2.092235326766968,1.182795643806458,1.991000056266785,bestwater
2025-12-05 13:03:12,5.508308887481689,0.0,1.182795643806458,1.991000056266785,bestwater
2025-12-05 13:03:15,5.371456623077393,0.0,1.173020482063293,1.991000056266785,bestwater
2025-12-05 13:03:18,5.456989288330078,2.092235326766968,1.173020482063293,1.991000056266785,bestwater
2025-12-05 13:03:21,5.439882755279541,2.092235326766968,1.177908062934875,1.991000056266785,bestwater
2025-12-05 13:03:25,5.439882755279541,2.092235326766968,1.177908062934875,1.991000056266785,bestwater
2025-12-05 13:03:28,5.422776222229004,2.092235326766968,1.177908062934875,1.991000056266785,bestwater
2025-12-05 13:03:31,5.38856315612793,2.092235326766968,1.173020482063293,1.991000056266785,bestwater
2025-12-05 13:03:34,5.474095821380615,0.0,1.168132901191711,1.991000056266785,bestwater
2025-12-05 13:03:37,5.474095821380615,0.0,1.168132901191711,1.991000056266785,bestwater
2025-12-05 13:03:40,5.542521953582764,2.092235326766968,1.173020482063293,1.991000056266785,bestwater
2025-12-05 13:03:43,5.508308887481689,2.092235326766968,1.173020482063293,1.991000056266785,bestwater
2025-12-05 13:03:46,5.508308887481689,2.092235326766968,1.173020482063293,1.991000056266785,bestwater
2025-12-05 13:03:49,5.508308887481689,2.092235326766968,1.173020482063293,1.991000056266785,bestwater
2025-12-05 13:03:52,5.371456623077393,2.092235326766968,1.173020482063293,1.991000056266785,bestwater
2025-12-05 13:03:56,5.525415420532227,0.0,1.163245320320129,1.991000056266785,bestwater
2025-12-05 13:03:59,5.542521953582764,2.092235326766968,1.163245320320129,1.991000056266785,bestwater
2025-12-05 13:04:02,5.576735019683838,2.092235326766968,1.163245320320129,1.991000056266785,bestwater
2025-12-05 13:04:05,5.576735019683838,2.092235326766968,1.163245320320129,1.991000056266785,bestwater
2025-12-05 13:04:08,5.525415420532227,2.092235326766968,1.168132901191711,1.991000056266785,bestwater
2025-12-05 13:04:11,5.405669689178467,0.0,1.168132901191711,1.991000056266785,bestwater
2025-12-05 13:04:14,5.354350090026855,2.092235326766968,1.173020482063293,1.991000056266785,bestwater
2025-12-05 13:04:17,5.593841552734375,2.092235326766968,1.168132901191711,1.991000056266785,bestwater
2025-12-05 13:04:20,5.593841552734375,2.092235326766968,1.168132901191711,1.991000056266785,bestwater
2025-12-05 13:04:23,5.439882755279541,2.092235326766968,1.173020482063293,1.991000056266785,bestwater
2025-12-05 13:04:26,5.525415420532227,2.092235326766968,1.168132901191711,1.991000056266785,bestwater
2025-12-05 13:04:29,5.371456623077393,2.092235326766968,1.168132901191711,1.991000056266785,bestwater
2025-12-05 13:04:32,5.371456623077393,2.092235326766968,1.168132901191711,1.991000056266785,bestwater
2025-12-05 13:04:35,5.439882755279541,2.092235326766968,1.168132901191711,1.991000056266785,bestwater
2025-12-05 13:04:38,5.559628486633301,0.0,1.168132901191711,1.991000056266785,bestwater
2025-12-05 13:04:41,5.422776222229004,2.092235326766968,1.173020482063293,1.991000056266785,bestwater
2025-12-05 13:04:44,5.422776222229004,2.092235326766968,1.173020482063293,1.991000056266785,bestwater
2025-12-05 13:04:47,5.525415420532227,0.0,1.168132901191711,1.991000056266785,bestwater
2025-12-05 13:04:51,5.508308887481689,0.0,1.173020482063293,1.991000056266785,bestwater
2025-12-05 13:04:54,5.576735019683838,2.092235326766968,1.173020482063293,1.991000056266785,bestwater
2025-12-05 13:04:57,5.593841552734375,2.092235326766968,1.168132901191711,1.991000056266785,bestwater
2025-12-05 13:05:00,5.576735019683838,0.0,1.168132901191711,1.991000056266785,bestwater
2025-12-05 13:05:03,5.576735019683838,0.0,1.168132901191711,1.991000056266785,bestwater
2025-12-05 13:05:06,5.525415420532227,2.092235326766968,1.168132901191711,1.991000056266785,bestwater
2025-12-05 13:05:09,5.456989288330078,2.092235326766968,1.173020482063293,1.991000056266785,bestwater
2025-12-05 13:05:12,5.525415420532227,2.092235326766968,1.163245320320129,1.991000056266785,bestwater
2025-12-05 13:05:33,5.593841552734375,2.092235326766968,1.173020482063293,1.991000056266785,bestwater
2025-12-05 13:05:36,5.559628486633301,0.0,1.173020482063293,1.991000056266785,bestwater
2025-12-05 13:05:39,5.371456623077393,0.0,1.168132901191711,1.991000056266785,bestwater
2025-12-05 13:05:42,5.371456623077393,0.0,1.168132901191711,1.991000056266785,bestwater
2025-12-05 13:05:45,5.508308887481689,2.092235326766968,1.168132901191711,1.991000056266785,bestwater
2025-12-05 13:05:48,5.593841552734375,0.0,1.173020482063293,1.991000056266785,bestwater
2025-12-05 13:05:51,5.371456623077393,2.092235326766968,1.173020482063293,1.991000056266785,bestwater
2025-12-05 13:05:55,5.371456623077393,2.092235326766968,1.173020482063293,1.991000056266785,bestwater
2025-12-05 13:05:58,5.593841552734375,0.0,1.173020482063293,1.991000056266785,bestwater
2025-12-05 13:06:01,5.508308887481689,2.092235326766968,1.173020482063293,1.991000056266785,bestwater
2025-12-05 13:06:04,5.593841552734375,0.0,1.173020482063293,1.991000056266785,bestwater
2025-12-05 16:13:11,6.038611888885498,2.092235326766968,1.35874879360199,0.421000003814697,nothing
2025-12-05 16:13:14,5.918866157531738,0.0,1.163245320320129,0.068999998271465,nothing
2025-12-05 16:13:17,6.038611888885498,0.0,1.158357739448547,0.261000007390976,nothing
2025-12-05 16:13:20,5.559628486633301,2.092235326766968,1.143694996833801,0.086000002920628,nothing
2025-12-05 16:13:23,5.987292289733887,0.0,1.143694996833801,0.10700000077486,nothing
2025-12-05 16:13:26,5.987292289733887,0.0,1.143694996833801,0.10700000077486,nothing
2025-12-05 16:13:29,5.628054618835449,2.092235326766968,1.138807415962219,0.156000003218651,nothing
2025-12-05 16:13:32,5.953079223632812,2.092235326766968,1.133919835090637,0.025000000372529,nothing
2025-12-05 16:13:36,5.884653091430664,2.092235326766968,1.099706768989563,0.141000002622604,nothing
2025-12-05 16:13:39,5.884653091430664,2.092235326766968,1.099706768989563,0.141000002622604,nothing
2025-12-05 16:13:42,5.610948085784912,2.092235326766968,1.099706768989563,0.229000002145767,nothing
2025-12-05 16:13:45,5.439882755279541,2.092235326766968,1.104594349861145,0.172000005841255,nothing
2025-12-05 16:13:48,5.799120426177979,2.092235326766968,1.109481930732727,0.141000002622604,nothing
2025-12-05 16:13:51,5.525415420532227,2.092235326766968,1.104594349861145,0.028999999165535,nothing
2025-12-05 16:13:54,5.525415420532227,2.092235326766968,1.104594349861145,0.028999999165535,nothing
2025-12-05 16:13:57,5.422776222229004,2.092235326766968,1.099706768989563,0.043999999761581,nothing
2025-12-05 16:14:00,5.782013893127441,2.092235326766968,1.094819188117981,0.111000001430511,nothing
2025-12-05 16:14:03,5.799120426177979,2.092235326766968,1.089931607246399,0.122000001370907,nothing
2025-12-05 16:14:06,5.405669689178467,2.092235326766968,1.085044026374817,0.119000002741814,nothing
2025-12-05 16:14:09,5.405669689178467,2.092235326766968,1.085044026374817,0.119000002741814,nothing
2025-12-05 16:14:12,5.696480751037598,6.258556365966797,1.080156445503235,0.180000007152557,nothing
2025-12-05 16:14:15,5.867546558380127,2.092235326766968,1.075268864631653,0.172999992966652,nothing
2025-12-05 16:14:18,5.354350090026855,2.092235326766968,1.075268864631653,0.333000004291534,nothing
2025-12-05 16:14:21,5.354350090026855,2.092235326766968,1.075268864631653,0.333000004291534,nothing
2025-12-05 16:14:24,5.713587284088135,2.092235326766968,1.070381283760071,0.29899999499321,nothing
2025-12-05 16:14:27,5.799120426177979,2.092235326766968,1.065493702888489,0.27700001001358,nothing
2025-12-05 16:14:30,5.645161151885986,2.092235326766968,1.065493702888489,0.324000000953674,nothing
2025-12-05 16:14:33,5.628054618835449,2.092235326766968,1.055718421936035,0.287000000476837,nothing
2025-12-05 16:14:36,5.628054618835449,2.092235326766968,1.055718421936035,0.287000000476837,nothing
2025-12-05 16:14:40,5.730693817138672,2.092235326766968,1.050830841064453,0.167999997735023,nothing
2025-12-05 16:14:43,5.747800350189209,2.092235326766968,1.055718421936035,0.153999999165535,nothing
2025-12-05 16:14:46,5.679374217987061,2.092235326766968,1.045943260192871,0.165000006556511,nothing
2025-12-05 16:14:49,5.559628486633301,2.092235326766968,1.045943260192871,0.172999992966652,nothing
2025-12-05 16:16:39,5.918866157531738,0.0,1.021505355834961,0.028000000864267,nothing
2025-12-05 16:16:42,5.645161151885986,2.092235326766968,1.036168098449707,0.194000005722046,nothing
2025-12-05 16:16:45,5.645161151885986,2.092235326766968,1.036168098449707,0.194000005722046,nothing
2025-12-05 16:16:49,5.884653091430664,2.092235326766968,1.041055679321289,0.170000001788139,nothing
2025-12-05 16:16:52,5.782013893127441,2.092235326766968,1.045943260192871,0.141000002622604,nothing
2025-12-05 16:16:55,5.354350090026855,2.092235326766968,1.050830841064453,0.093000002205372,nothing
2025-12-05 16:16:58,5.679374217987061,2.092235326766968,1.050830841064453,0.071999996900558,nothing
2025-12-05 16:17:01,5.491202354431152,2.092235326766968,1.050830841064453,0.105999998748302,nothing
2025-12-05 16:17:04,5.901759624481201,2.092235326766968,1.045943260192871,0.238999992609024,nothing
2025-12-05 16:17:07,5.901759624481201,2.092235326766968,1.045943260192871,0.238999992609024,nothing
2025-12-05 16:17:10,5.782013893127441,2.092235326766968,1.036168098449707,0.296000003814697,nothing
2025-12-05 16:17:13,5.251710891723633,2.092235326766968,1.026392936706543,0.230000004172325,nothing
2025-12-05 16:17:16,5.833333492279053,2.092235326766968,1.026392936706543,0.27700001001358,nothing
2025-12-05 16:17:19,5.833333492279053,2.092235326766968,1.026392936706543,0.27700001001358,nothing
2025-12-05 16:17:22,5.371456623077393,6.258556365966797,1.021505355834961,0.266999989748001,nothing
2025-12-05 16:17:25,5.131964683532715,2.092235326766968,1.026392936706543,0.28999999165535,nothing
2025-12-05 16:17:28,5.456989288330078,2.092235326766968,1.016617774963379,0.226999998092651,nothing
2025-12-05 16:17:31,5.456989288330078,2.092235326766968,1.016617774963379,0.226999998092651,nothing
2025-12-05 16:17:34,5.559628486633301,0.0,1.011730194091797,0.226999998092651,nothing
2025-12-05 16:17:38,5.593841552734375,2.092235326766968,1.011730194091797,0.226999998092651,nothing
2025-12-05 16:17:41,5.628054618835449,2.092235326766968,1.011730194091797,0.193000003695488,nothing
2025-12-05 16:17:44,5.884653091430664,2.092235326766968,1.011730194091797,0.197999998927116,nothing
2025-12-05 16:17:47,5.833333492279053,0.0,1.006842613220215,0.195999994874001,nothing
2025-12-05 16:17:50,5.833333492279053,0.0,1.006842613220215,0.195999994874001,nothing
2025-12-05 16:17:53,5.713587284088135,0.0,1.006842613220215,0.104000002145767,nothing
2025-12-05 16:17:56,5.508308887481689,0.0,1.006842613220215,0.064999997615814,nothing
2025-12-05 16:17:59,5.508308887481689,0.0,1.006842613220215,0.078000001609325,nothing
2025-12-05 16:18:02,5.508308887481689,0.0,1.006842613220215,0.078000001609325,nothing
2025-12-05 16:18:05,5.439882755279541,0.0,1.001955032348633,0.086999997496605,nothing
2025-12-05 16:18:08,5.456989288330078,0.0,1.001955032348633,0.152999997138977,nothing
2025-12-05 16:18:11,5.628054618835449,2.092235326766968,0.997067451477051,0.207000002264977,nothing
2025-12-05 16:18:14,5.559628486633301,2.092235326766968,1.006842613220215,0.190999999642372,nothing
2025-12-05 16:18:17,5.303030490875244,0.0,1.001955032348633,0.021999999880791,nothing
2025-12-05 16:19:36,5.576735019683838,8.332735061645508,1.075268864631653,0.197999998927116,nothing
2025-12-05 16:19:39,5.645161151885986,8.332735061645508,1.070381283760071,0.112000003457069,nothing
2025-12-05 16:19:42,5.542521953582764,8.332735061645508,1.065493702888489,0.17399999499321,nothing
2025-12-05 16:19:45,5.508308887481689,10.40099048614502,1.060606002807617,0.243000000715256,nothing
2025-12-05 16:19:49,5.662267684936523,8.332735061645508,1.075268864631653,0.287999987602234,nothing
2025-12-05 16:19:52,5.662267684936523,8.332735061645508,1.075268864631653,0.287999987602234,nothing
2025-12-05 16:19:55,5.474095821380615,8.332735061645508,1.085044026374817,0.246999993920326,nothing
2025-12-05 16:19:58,5.38856315612793,8.332735061645508,1.089931607246399,0.239999994635582,nothing
2025-12-05 16:20:01,5.713587284088135,8.332735061645508,1.085044026374817,0.185000002384186,nothing
2025-12-05 16:20:04,5.456989288330078,8.332735061645508,1.085044026374817,0.164000004529953,nothing
2025-12-05 16:20:07,5.456989288330078,8.332735061645508,1.085044026374817,0.164000004529953,nothing
2025-12-05 16:20:10,5.935972690582275,8.332735061645508,1.075268864631653,0.207000002264977,nothing
2025-12-05 16:20:13,5.884653091430664,8.332735061645508,1.085044026374817,0.064000003039837,nothing
2025-12-05 16:20:16,5.439882755279541,10.40099048614502,1.075268864631653,0.093999996781349,nothing
2025-12-05 16:20:19,5.2174973487854,8.332735061645508,1.080156445503235,0.112000003457069,nothing
2025-12-05 16:20:22,5.2174973487854,8.332735061645508,1.080156445503235,0.112000003457069,nothing
2025-12-05 16:20:25,5.662267684936523,8.332735061645508,1.070381283760071,0.118000000715256,nothing
2025-12-05 16:20:28,5.26881742477417,10.40099048614502,1.070381283760071,0.127000004053116,nothing
2025-12-05 16:20:31,5.251710891723633,8.332735061645508,1.070381283760071,0.211999997496605,nothing
2025-12-05 16:20:34,5.251710891723633,8.332735061645508,1.070381283760071,0.211999997496605,nothing
2025-12-05 16:20:37,5.149071216583252,10.40099048614502,1.065493702888489,0.196999996900558,nothing
2025-12-05 16:20:41,5.696480751037598,10.40099048614502,1.065493702888489,0.248999997973442,nothing
2025-12-05 16:20:44,5.713587284088135,2.092235326766968,1.060606002807617,0.28099998831749,nothing
2025-12-05 16:20:47,5.713587284088135,2.092235326766968,1.060606002807617,0.28099998831749,nothing
2025-12-05 16:20:50,5.474095821380615,4.178405284881592,1.065493702888489,0.208000004291534,nothing
2025-12-05 16:20:53,5.645161151885986,4.178405284881592,1.075268864631653,0.216000005602837,nothing
2025-12-05 16:20:56,5.371456623077393,4.178405284881592,1.085044026374817,0.137999996542931,nothing
2025-12-05 16:20:59,5.371456623077393,4.178405284881592,1.085044026374817,0.137999996542931,nothing
2025-12-05 16:21:02,5.628054618835449,4.178405284881592,1.080156445503235,0.241999998688698,nothing
2025-12-05 16:21:05,5.508308887481689,2.092235326766968,1.080156445503235,0.257999986410141,nothing
2025-12-05 16:21:08,5.576735019683838,4.178405284881592,1.075268864631653,0.150999993085861,nothing
2025-12-05 16:21:11,5.576735019683838,4.178405284881592,1.075268864631653,0.150999993085861,nothing
2025-12-05 16:21:14,5.354350090026855,4.178405284881592,1.070381283760071,0.136000007390976,nothing
